best_hit_taxon_id,Species,Kingdom,Group,Subgroup,SelectGroup
362976,Haloquadratum walsbyi DSM 16790,Archaea,Euryarchaeota,Halobacteria,Archaea
416348,Halorubrum lacusprofundi ATCC 49239,Archaea,Euryarchaeota,Halobacteria,Archaea
523841,Haloferax mediterranei ATCC 33500,Archaea,Euryarchaeota,Halobacteria,Archaea
543526,Haloterrigena turkmenica DSM 5511,Archaea,Euryarchaeota,Halobacteria,Archaea
694430,Natronococcus occultus SP4,Archaea,Euryarchaeota,Halobacteria,Archaea
768065,Haloquadratum walsbyi C23,Archaea,Euryarchaeota,Halobacteria,Archaea
795797,Halalkalicoccus jeotgali B3,Archaea,Euryarchaeota,Halobacteria,Archaea
797209,Haladaptatus paucihalophilus DX253,Archaea,Euryarchaeota,Halobacteria,Archaea
634498,Methanobrevibacter ruminantium M1,Archaea,Euryarchaeota,Methanobacteria,Archaea
188937,Methanosarcina acetivorans C2A,Archaea,Euryarchaeota,Methanomicrobia,Archaea
192952,Methanosarcina mazei Go1,Archaea,Euryarchaeota,Methanomicrobia,Archaea
259564,Methanococcoides burtonii DSM 6242,Archaea,Euryarchaeota,Methanomicrobia,Archaea
269797,Methanosarcina barkeri str. Fusaro,Archaea,Euryarchaeota,Methanomicrobia,Archaea
304371,Methanocella paludicola SANAE,Archaea,Euryarchaeota,Methanomicrobia,Archaea
368407,Methanoculleus marisnigri JR1,Archaea,Euryarchaeota,Methanomicrobia,Archaea
456442,Methanoregula boonei 6A8,Archaea,Euryarchaeota,Methanomicrobia,Archaea
679926,Methanolacinia petrolearia DSM 11571,Archaea,Euryarchaeota,Methanomicrobia,Archaea
867904,Methanomethylovorans hollandica DSM 15978,Archaea,Euryarchaeota,Methanomicrobia,Archaea
937775,Methanoplanus limicola DSM 2279,Archaea,Euryarchaeota,Methanomicrobia,Archaea
990316,Methanosaeta concilii GP6,Archaea,Euryarchaeota,Methanomicrobia,Archaea
1094980,Methanolobus psychrophilus R15,Archaea,Euryarchaeota,Methanomicrobia,Archaea
1236903,Methanosarcina mazei Tuc01,Archaea,Euryarchaeota,Methanomicrobia,Archaea
391623,Thermococcus barophilus MP,Archaea,Euryarchaeota,Thermococci,Archaea
604354,Thermococcus sibiricus MM 739,Archaea,Euryarchaeota,Thermococci,Archaea
1236689,Candidatus Methanomethylophilus alvus Mx1201,Archaea,Euryarchaeota,Thermoplasmata,Archaea
1295009,Candidatus Methanomassiliicoccus intestinalis Issoire-Mx1,Archaea,Euryarchaeota,Thermoplasmata,Archaea
439481,Aciduliprofundum boonei T469,Archaea,Euryarchaeota,unclassified Euryarchaeota,Archaea
673860,Aciduliprofundum sp. MAR08-339,Archaea,Euryarchaeota,unclassified Euryarchaeota,Archaea
1006006,Metallosphaera cuprina Ar-4,Archaea,Crenarchaeota,Thermoprotei,Archaea
1052801,Crenarchaeota archaeon SCGC AAA471-B05,Archaea,Crenarchaeota,unclassified Crenarchaeota,Archaea
414004,Cenarchaeum symbiosum A,Archaea,Thaumarchaeota,Cenarchaeales,Archaea
436308,Nitrosopumilus maritimus SCM1,Archaea,Thaumarchaeota,Nitrosopumilales,Archaea
886738,Candidatus Nitrosoarchaeum limnia SFB1,Archaea,Thaumarchaeota,Nitrosopumilales,Archaea
913333,Thaumarchaeota archaeon SCGC AAA007-O23,Archaea,Thaumarchaeota,unclassified Thaumarchaeota,Archaea
1001994,Candidatus Nitrosoarchaeum koreensis MY1,Archaea,Thaumarchaeota,Nitrosopumilales,Archaea
1052825,Aigarchaeota archaeon SCGC AAA471-B22,Archaea,Thaumarchaeota,unclassified Thaumarchaeota,Archaea
1052828,Aigarchaeota archaeon SCGC AAA471-E16,Archaea,Thaumarchaeota,unclassified Thaumarchaeota,Archaea
1229908,Candidatus Nitrosopumilus koreensis AR1,Archaea,Thaumarchaeota,Nitrosopumilales,Archaea
1229909,Candidatus Nitrosopumilus sediminis,Archaea,Thaumarchaeota,Nitrosopumilales,Archaea
756883,halophilic archaeon DL31,Archaea,other,other,Archaea
204669,Candidatus Koribacter versatilis Ellin345,Bacteria,Acidobacteria,other,Other Bacteria
240015,Acidobacterium capsulatum ATCC 51196,Bacteria,Acidobacteria,other,Other Bacteria
401053,Terriglobus saanensis SP1PR4,Bacteria,Acidobacteria,other,Other Bacteria
926566,Terriglobus roseus DSM 18391,Bacteria,Acidobacteria,other,Other Bacteria
234267,Candidatus Solibacter usitatus Ellin6076,Bacteria,Acidobacteria,other,Other Bacteria
204536,Sulfurihydrogenibium azorense Az-Fu1,Bacteria,Aquificae,other,Other Bacteria
547143,Hydrogenobaculum sp. 3684,Bacteria,Aquificae,other,Other Bacteria
648996,Thermovibrio ammonificans HB-1,Bacteria,Aquificae,other,Other Bacteria
880073,Caldithrix abyssi DSM 13497,Bacteria,Calditrichaeota,other,Other Bacteria
118005,Chrysiogenes arsenatis DSM 11915,Bacteria,Chrysiogenetes,other,Other Bacteria
653733,Desulfurispirillum indicum S5,Bacteria,Chrysiogenetes,other,Other Bacteria
639282,Deferribacter desulfuricans SSM1,Bacteria,Deferribacteres,other,Other Bacteria
717231,Flexistipes sinusarabici DSM 4947,Bacteria,Deferribacteres,other,Other Bacteria
768670,Calditerrivibrio nitroreducens DSM 19672,Bacteria,Deferribacteres,other,Other Bacteria
309799,Dictyoglomus thermophilum H-6-12,Bacteria,Dictyoglomi,other,Other Bacteria
471821,uncultured Termite group 1 bacterium phylotype Rs-D17,Bacteria,Elusimicrobia,other,Other Bacteria
50743,unidentified eubacterium SCB49,Bacteria,FCB group,Bacteroidetes,Other Bacteria
63186,Zobellia galactanivorans,Bacteria,FCB group,Bacteroidetes,Other Bacteria
194439,Chlorobium tepidum TLS,Bacteria,FCB group,Chlorobi,Other Bacteria
246198,Prevotella intermedia 17,Bacteria,FCB group,Bacteroidetes,Other Bacteria
290512,Prosthecochloris aestuarii DSM 271,Bacteria,FCB group,Chlorobi,Other Bacteria
309807,Salinibacter ruber DSM 13855,Bacteria,FCB group,Bacteroidetes,Other Bacteria
313590,Dokdonia sp. MED134,Bacteria,FCB group,Bacteroidetes,Other Bacteria
313595,Psychroflexus torquis ATCC 700755,Bacteria,FCB group,Bacteroidetes,Other Bacteria
313596,Robiginitalea biformata HTCC2501,Bacteria,FCB group,Bacteroidetes,Other Bacteria
313598,Polaribacter sp. MED152,Bacteria,FCB group,Bacteroidetes,Other Bacteria
313603,Maribacter sp. HTCC2170,Bacteria,FCB group,Bacteroidetes,Other Bacteria
313606,Microscilla marina ATCC 23134,Bacteria,FCB group,Bacteroidetes,Other Bacteria
319225,Chlorobium luteolum DSM 273,Bacteria,FCB group,Chlorobi,Other Bacteria
385682,Thermophagus xiamenensis,Bacteria,FCB group,Bacteroidetes,Other Bacteria
388413,Algoriphagus machipongonensis,Bacteria,FCB group,Bacteroidetes,Other Bacteria
391587,Kordia algicida OT-1,Bacteria,FCB group,Bacteroidetes,Other Bacteria
391603,Flavobacteriales bacterium ALC-1,Bacteria,FCB group,Bacteroidetes,Other Bacteria
398720,Leeuwenhoekiella blandensis MED217,Bacteria,FCB group,Bacteroidetes,Other Bacteria
402612,Flavobacterium psychrophilum JIP02/86,Bacteria,FCB group,Bacteroidetes,Other Bacteria
411154,Gramella forsetii KT0803,Bacteria,FCB group,Bacteroidetes,Other Bacteria
457391,Bacteroides sp. 3_1_33FAA,Bacteria,FCB group,Bacteroidetes,Other Bacteria
471854,Dyadobacter fermentans DSM 18053,Bacteria,FCB group,Bacteroidetes,Other Bacteria
471870,Bacteroides intestinalis DSM 17393,Bacteria,FCB group,Bacteroidetes,Other Bacteria
485918,Chitinophaga pinensis DSM 2588,Bacteria,FCB group,Bacteroidetes,Other Bacteria
487796,Flavobacteria bacterium MS024-2A,Bacteria,FCB group,Bacteroidetes,Other Bacteria
487797,Flavobacteria bacterium MS024-3C,Bacteria,FCB group,Bacteroidetes,Other Bacteria
517418,Chloroherpeton thalassium ATCC 35110,Bacteria,FCB group,Chlorobi,Other Bacteria
518766,Rhodothermus marinus DSM 4252,Bacteria,FCB group,Bacteroidetes,Other Bacteria
525373,Sphingobacterium spiritivorum ATCC 33861,Bacteria,FCB group,Bacteroidetes,Other Bacteria
537012,Bacteroides cellulosilyticus DSM 14838,Bacteria,FCB group,Bacteroidetes,Other Bacteria
553178,Capnocytophaga gingivalis ATCC 33624,Bacteria,FCB group,Bacteroidetes,Other Bacteria
575615,Prevotella sp. oral taxon 317 str. F0108,Bacteria,FCB group,Bacteroidetes,Other Bacteria
592029,Nonlabens dokdonensis DSW-6,Bacteria,FCB group,Bacteroidetes,Other Bacteria
655815,Zunongwangia profunda SM-A87,Bacteria,FCB group,Bacteroidetes,Other Bacteria
694427,Paludibacter propionicigenes WB4,Bacteria,FCB group,Bacteroidetes,Other Bacteria
694433,Saprospira grandis DSM 2844,Bacteria,FCB group,Bacteroidetes,Other Bacteria
700598,Niastella koreensis GR20-10,Bacteria,FCB group,Bacteroidetes,Other Bacteria
706436,Capnocytophaga sp. oral taxon 329 str. F0087,Bacteria,FCB group,Bacteroidetes,Other Bacteria
709015,Pontibacter actiniarum DSM 19842,Bacteria,FCB group,Bacteroidetes,Other Bacteria
714943,Mucilaginibacter paludis DSM 18603,Bacteria,FCB group,Bacteroidetes,Other Bacteria
742766,Dysgonomonas gadei ATCC BAA-286,Bacteria,FCB group,Bacteroidetes,Other Bacteria
743722,Sphingobacterium sp. 21,Bacteria,FCB group,Bacteroidetes,Other Bacteria
746697,Aequorivita sublithincola DSM 14238,Bacteria,FCB group,Bacteroidetes,Other Bacteria
755732,Fluviicola taffensis DSM 16823,Bacteria,FCB group,Bacteroidetes,Other Bacteria
758820,Aquiflexum balticum DSM 16537,Bacteria,FCB group,Bacteroidetes,Other Bacteria
760192,Haliscomenobacter hydrossis DSM 1100,Bacteria,FCB group,Bacteroidetes,Other Bacteria
761193,Runella slithyformis DSM 19594,Bacteria,FCB group,Bacteroidetes,Other Bacteria
761659,Salinibacter ruber M8,Bacteria,FCB group,Bacteroidetes,Other Bacteria
762570,Rhodothermus marinus SG0.5JP17-172,Bacteria,FCB group,Bacteroidetes,Other Bacteria
860228,Capnocytophaga canimorsus Cc5,Bacteria,FCB group,Bacteroidetes,Other Bacteria
865937,Gillisia limnaea DSM 15749,Bacteria,FCB group,Bacteroidetes,Other Bacteria
867900,Cellulophaga lytica DSM 7489,Bacteria,FCB group,Bacteroidetes,Other Bacteria
869213,Saccharicrinis fermentans DSM 9555 = JCM 21142,Bacteria,FCB group,Bacteroidetes,Other Bacteria
873517,Capnocytophaga ochracea F0287,Bacteria,FCB group,Bacteroidetes,Other Bacteria
880070,Cyclobacterium marinum DSM 745,Bacteria,FCB group,Bacteroidetes,Other Bacteria
886377,Muricauda ruestringensis DSM 13258,Bacteria,FCB group,Bacteroidetes,Other Bacteria
926559,Joostella marina DSM 19592,Bacteria,FCB group,Bacteroidetes,Other Bacteria
929556,Solitalea canadensis DSM 3403,Bacteria,FCB group,Bacteroidetes,Other Bacteria
929562,Emticicia oligotrophica DSM 17448,Bacteria,FCB group,Bacteroidetes,Other Bacteria
929703,Flectobacillus major DSM 103,Bacteria,FCB group,Bacteroidetes,Other Bacteria
945713,Ignavibacterium album JCM 16511,Bacteria,FCB group,Ignavibacteriae,Other Bacteria
946077,Imtechella halotolerans K1,Bacteria,FCB group,Bacteroidetes,Other Bacteria
980584,Aquimarina agarivorans,Bacteria,FCB group,Bacteroidetes,Other Bacteria
983544,Lacinutrix sp. 5H-3-7-4,Bacteria,FCB group,Bacteroidetes,Other Bacteria
983548,Dokdonia sp. 4H-3-7-5,Bacteria,FCB group,Bacteroidetes,Other Bacteria
984262,Saprospira grandis str. Lewin,Bacteria,FCB group,Bacteroidetes,Other Bacteria
1004149,Mesoflavibacter zeaxanthinifaciens S86,Bacteria,FCB group,Bacteroidetes,Other Bacteria
1009412,Flavobacterium sp. SCGC AAA160-P02,Bacteria,FCB group,Bacteroidetes,Other Bacteria
1144253,Pontibacter sp. BAB1700,Bacteria,FCB group,Bacteroidetes,Other Bacteria
1166018,Fibrella aestuarina BUZ 2,Bacteria,FCB group,Bacteroidetes,Other Bacteria
1191523,Melioribacter roseus P3M-2,Bacteria,FCB group,Ignavibacteriae,Other Bacteria
1225176,Cecembia lonarensis LW9,Bacteria,FCB group,Bacteroidetes,Other Bacteria
1237149,Fulvivirga imtechensis AK7,Bacteria,FCB group,Bacteroidetes,Other Bacteria
913318,Cloacimonetes bacterium SCGC AAA252-E13,Bacteria,FCB group,Candidatus Cloacimonetes,Other Bacteria
1046954,Cloacimonetes bacterium SCGC AAA252-E20,Bacteria,FCB group,Candidatus Cloacimonetes,Other Bacteria
1046960,Cloacimonetes bacterium SCGC AAA252-K16,Bacteria,FCB group,Candidatus Cloacimonetes,Other Bacteria
1046962,Cloacimonetes bacterium SCGC AAA252-L13,Bacteria,FCB group,Candidatus Cloacimonetes,Other Bacteria
1130345,Cloacimonetes bacterium JGI 0000014-D06,Bacteria,FCB group,Candidatus Cloacimonetes,Other Bacteria
1130346,Cloacimonetes bacterium JGI 0000014-D18,Bacteria,FCB group,Candidatus Cloacimonetes,Other Bacteria
1130347,Cloacimonetes bacterium JGI 0000014-H19,Bacteria,FCB group,Candidatus Cloacimonetes,Other Bacteria
910047,Candidatus Latescibacter anaerobius SCGC AAA252-E07,Bacteria,FCB group,Candidatus Latescibacteria,Other Bacteria
910048,Latescibacteria bacterium SCGC AAA252-B13,Bacteria,FCB group,Candidatus Latescibacteria,Other Bacteria
910049,Latescibacteria bacterium SCGC AAA252-D10,Bacteria,FCB group,Candidatus Latescibacteria,Other Bacteria
1047066,Latescibacteria bacterium SCGC AAA257-K07,Bacteria,FCB group,Candidatus Latescibacteria,Other Bacteria
699266,Marinimicrobia bacterium SCGC AAA003-E22,Bacteria,FCB group,Candidatus Marinimicrobia,Other Bacteria
939844,Marinimicrobia bacterium SCGC AAA003-L08,Bacteria,FCB group,Candidatus Marinimicrobia,Other Bacteria
939857,Marinimicrobia bacterium SCGC AAA298-D23,Bacteria,FCB group,Candidatus Marinimicrobia,Other Bacteria
1007121,Marinimicrobia bacterium SCGC AAA160-B08,Bacteria,FCB group,Candidatus Marinimicrobia,Other Bacteria
1007122,Marinimicrobia bacterium SCGC AAA160-C11,Bacteria,FCB group,Candidatus Marinimicrobia,Other Bacteria
1007123,Marinimicrobia bacterium SCGC AAA160-I06,Bacteria,FCB group,Candidatus Marinimicrobia,Other Bacteria
1007124,Marinimicrobia bacterium SCGC AAA076-M08,Bacteria,FCB group,Candidatus Marinimicrobia,Other Bacteria
1047054,Marinimicrobia bacterium SCGC AAA257-N23,Bacteria,FCB group,Candidatus Marinimicrobia,Other Bacteria
1047055,Marinimicrobia bacterium JGI 0000039-D08,Bacteria,FCB group,Candidatus Marinimicrobia,Other Bacteria
1047056,Marinimicrobia bacterium JGI 0000039-E15,Bacteria,FCB group,Candidatus Marinimicrobia,Other Bacteria
1047058,Marinimicrobia bacterium JGI 0000039-O11,Bacteria,FCB group,Candidatus Marinimicrobia,Other Bacteria
1047059,Marinimicrobia bacterium JGI 0000059-D20,Bacteria,FCB group,Candidatus Marinimicrobia,Other Bacteria
1047060,Marinimicrobia bacterium JGI 0000059-E23,Bacteria,FCB group,Candidatus Marinimicrobia,Other Bacteria
1047061,Marinimicrobia bacterium JGI 0000059-L03,Bacteria,FCB group,Candidatus Marinimicrobia,Other Bacteria
379066,Gemmatimonas aurantiaca T-27,Bacteria,FCB group,Other,Other Bacteria
289376,Thermodesulfovibrio yellowstonii DSM 11347,Bacteria,Nitrospira,,Other Bacteria
330214,Nitrospira defluvii,Bacteria,Nitrospira,,Other Bacteria
1162668,Leptospirillum ferrooxidans C2-3,Bacteria,Nitrospira,,Other Bacteria
637389,Acidithiobacillus caldus ATCC 51756,Bacteria,Acidithiobacillia,,Other Bacteria
394,Sinorhizobium fredii NGR234,Bacteria,Alphaproteobacteria,Rhizobiales,Other Bacteria
52598,Sulfitobacter sp. EE-36,Bacteria,Alphaproteobacteria,Rhodobacterales,Other Bacteria
78245,Xanthobacter autotrophicus Py2,Bacteria,Alphaproteobacteria,Rhizobiales,Other Bacteria
82789,Agrobacterium sp. ATCC 31749,Bacteria,Alphaproteobacteria,Rhizobiales,Other Bacteria
89187,Roseovarius nubinhibens ISM,Bacteria,Alphaproteobacteria,Rhodobacterales,Other Bacteria
114615,Bradyrhizobium sp. ORS 278,Bacteria,Alphaproteobacteria,Rhizobiales,Other Bacteria
115808,Bradyrhizobium sp. ORS 285,Bacteria,Alphaproteobacteria,Rhizobiales,Other Bacteria
137722,Azospirillum sp. B510,Bacteria,Alphaproteobacteria,Rhodospirillales,Other Bacteria
156889,Magnetococcus marinus MC-1,Bacteria,Alphaproteobacteria,Magnetococcales,Other Bacteria
172088,Bradyrhizobium sp. th.b2,Bacteria,Alphaproteobacteria,Rhizobiales,Other Bacteria
176299,Agrobacterium fabrum str. C58,Bacteria,Alphaproteobacteria,Rhizobiales,Other Bacteria
187303,Methylocystis sp. SC2,Bacteria,Alphaproteobacteria,Rhizobiales,Other Bacteria
196490,Bradyrhizobium sp. Ai1a-2,Bacteria,Alphaproteobacteria,Rhizobiales,Other Bacteria
216596,Rhizobium leguminosarum bv. viciae 3841,Bacteria,Alphaproteobacteria,Rhizobiales,Other Bacteria
224911,Bradyrhizobium diazoefficiens USDA 110,Bacteria,Alphaproteobacteria,Rhizobiales,Other Bacteria
228405,Hyphomonas neptunium ATCC 15444,Bacteria,Alphaproteobacteria,Rhodobacterales,Other Bacteria
237727,Erythrobacter sp. NAP1,Bacteria,Alphaproteobacteria,Sphingomonadales,Other Bacteria
244592,Labrenzia alexandrii DFL-11,Bacteria,Alphaproteobacteria,Rhodobacterales,Other Bacteria
246200,Ruegeria pomeroyi DSS-3,Bacteria,Alphaproteobacteria,Rhodobacterales,Other Bacteria
252305,Pseudooceanicola batsensis HTCC2597,Bacteria,Alphaproteobacteria,Rhodobacterales,Other Bacteria
258594,Rhodopseudomonas palustris CGA009,Bacteria,Alphaproteobacteria,Rhizobiales,Other Bacteria
266779,Chelativorans sp. BNC1,Bacteria,Alphaproteobacteria,Rhizobiales,Other Bacteria
266835,Mesorhizobium loti MAFF303099,Bacteria,Alphaproteobacteria,Rhizobiales,Other Bacteria
272568,Gluconacetobacter diazotrophicus PA1 5,Bacteria,Alphaproteobacteria,Rhodospirillales,Other Bacteria
272627,Magnetospirillum magnetotacticum MS-1,Bacteria,Alphaproteobacteria,Rhodospirillales,Other Bacteria
272942,Rhodobacter capsulatus SB 1003,Bacteria,Alphaproteobacteria,Rhodobacterales,Other Bacteria
279238,Novosphingobium aromaticivorans DSM 12444,Bacteria,Alphaproteobacteria,Sphingomonadales,Other Bacteria
287752,Aurantimonas manganoxydans SI85-9A1,Bacteria,Alphaproteobacteria,Rhizobiales,Other Bacteria
288000,Bradyrhizobium sp. BTAi1,Bacteria,Alphaproteobacteria,Rhizobiales,Other Bacteria
290400,Jannaschia sp. CCS1,Bacteria,Alphaproteobacteria,Rhodobacterales,Other Bacteria
292414,Ruegeria sp. TM1040,Bacteria,Alphaproteobacteria,Rhodobacterales,Other Bacteria
311402,Agrobacterium vitis S4,Bacteria,Alphaproteobacteria,Rhizobiales,Other Bacteria
311403,Agrobacterium radiobacter K84,Bacteria,Alphaproteobacteria,Rhizobiales,Other Bacteria
314225,Erythrobacter litoralis HTCC2594,Bacteria,Alphaproteobacteria,Sphingomonadales,Other Bacteria
314231,Fulvimarina pelagi HTCC2506,Bacteria,Alphaproteobacteria,Rhizobiales,Other Bacteria
314232,Loktanella vestfoldensis SKA53,Bacteria,Alphaproteobacteria,Rhodobacterales,Other Bacteria
314254,Oceanicaulis sp. HTCC2633,Bacteria,Alphaproteobacteria,Rhodobacterales,Other Bacteria
314256,Oceanicola granulosus HTCC2516,Bacteria,Alphaproteobacteria,Rhodobacterales,Other Bacteria
314260,Parvularcula bermudensis HTCC2503,Bacteria,Alphaproteobacteria,Parvularculales,Other Bacteria
314261,Candidatus Pelagibacter ubique HTCC1002,Bacteria,Alphaproteobacteria,Pelagibacterales,Pelagibacter
314262,Roseobacter sp. MED193,Bacteria,Alphaproteobacteria,Rhodobacterales,Other Bacteria
314264,Roseovarius sp. 217,Bacteria,Alphaproteobacteria,Rhodobacterales,Other Bacteria
314265,Pelagibaca bermudensis HTCC2601,Bacteria,Alphaproteobacteria,Rhodobacterales,Other Bacteria
314267,Sulfitobacter sp. NAS-14.1,Bacteria,Alphaproteobacteria,Rhodobacterales,Other Bacteria
314270,Rhodobacteraceae bacterium HTCC2083,Bacteria,Alphaproteobacteria,Rhodobacterales,Other Bacteria
314271,Maritimibacter alkaliphilus HTCC2654,Bacteria,Alphaproteobacteria,Rhodobacterales,Other Bacteria
316055,Rhodopseudomonas palustris BisA53,Bacteria,Alphaproteobacteria,Rhizobiales,Other Bacteria
316057,Rhodopseudomonas palustris BisB5,Bacteria,Alphaproteobacteria,Rhizobiales,Other Bacteria
316058,Rhodopseudomonas palustris HaA2,Bacteria,Alphaproteobacteria,Rhizobiales,Other Bacteria
317655,Sphingopyxis alaskensis RB2256,Bacteria,Alphaproteobacteria,Sphingomonadales,Other Bacteria
318586,Paracoccus denitrificans PD1222,Bacteria,Alphaproteobacteria,Rhodobacterales,Other Bacteria
323097,Nitrobacter hamburgensis X14,Bacteria,Alphaproteobacteria,Rhizobiales,Other Bacteria
331869,alpha proteobacterium BAL199,Bacteria,Alphaproteobacteria,Other,Other Bacteria
335659,Bradyrhizobium sp. S23321,Bacteria,Alphaproteobacteria,Rhizobiales,Other Bacteria
335992,Candidatus Pelagibacter ubique HTCC1062,Bacteria,Alphaproteobacteria,Pelagibacterales,Pelagibacter
342108,Magnetospirillum magneticum AMB-1,Bacteria,Alphaproteobacteria,Rhodospirillales,Other Bacteria
347834,Rhizobium etli CFN 42,Bacteria,Alphaproteobacteria,Rhizobiales,Other Bacteria
349101,Rhodobacter sphaeroides ATCC 17029,Bacteria,Alphaproteobacteria,Rhodobacterales,Other Bacteria
349102,Rhodobacter sphaeroides ATCC 17025,Bacteria,Alphaproteobacteria,Rhodobacterales,Other Bacteria
351016,Roseobacter sp. AzwK-3b,Bacteria,Alphaproteobacteria,Rhodobacterales,Other Bacteria
366394,Sinorhizobium medicae WSM419,Bacteria,Alphaproteobacteria,Rhizobiales,Other Bacteria
366602,Caulobacter sp. K31,Bacteria,Alphaproteobacteria,Caulobacterales,Other Bacteria
367336,Rhodobacterales bacterium HTCC2255,Bacteria,Alphaproteobacteria,Rhodobacterales,Other Bacteria
375451,Roseobacter denitrificans OCh 114,Bacteria,Alphaproteobacteria,Rhodobacterales,Other Bacteria
383629,Phaeobacter inhibens 2.10,Bacteria,Alphaproteobacteria,Rhodobacterales,Other Bacteria
384765,Labrenzia aggregata IAM 12614,Bacteria,Alphaproteobacteria,Rhodobacterales,Other Bacteria
388399,Sagittula stellata E-37,Bacteria,Alphaproteobacteria,Rhodobacterales,Other Bacteria
388401,Rhodobacteraceae bacterium HTCC2150,Bacteria,Alphaproteobacteria,Rhodobacterales,Other Bacteria
388739,Roseobacter sp. SK209-2-6,Bacteria,Alphaproteobacteria,Rhodobacterales,Other Bacteria
391593,Roseobacter sp. CCS2,Bacteria,Alphaproteobacteria,Rhodobacterales,Other Bacteria
391595,Roseobacter litoralis Och 149,Bacteria,Alphaproteobacteria,Rhodobacterales,Other Bacteria
391600,Brevundimonas sp. BAL3,Bacteria,Alphaproteobacteria,Caulobacterales,Other Bacteria
391613,Roseovarius sp. TM1035,Bacteria,Alphaproteobacteria,Rhodobacterales,Other Bacteria
391616,Octadecabacter arcticus 238,Bacteria,Alphaproteobacteria,Rhodobacterales,Other Bacteria
391619,Phaeobacter inhibens DSM 17395,Bacteria,Alphaproteobacteria,Rhodobacterales,Other Bacteria
391624,Oceanibulbus indolifex HEL-45,Bacteria,Alphaproteobacteria,Rhodobacterales,Other Bacteria
391626,Octadecabacter antarcticus 307,Bacteria,Alphaproteobacteria,Rhodobacterales,Other Bacteria
391937,Nitratireductor pacificus pht-3B,Bacteria,Alphaproteobacteria,Rhizobiales,Other Bacteria
392499,Sphingomonas wittichii RW1,Bacteria,Alphaproteobacteria,Sphingomonadales,Other Bacteria
394221,Maricaulis maris MCS10,Bacteria,Alphaproteobacteria,Rhodobacterales,Other Bacteria
395492,Rhizobium leguminosarum bv. trifolii WSM2304,Bacteria,Alphaproteobacteria,Rhizobiales,Other Bacteria
395960,Rhodopseudomonas palustris TIE-1,Bacteria,Alphaproteobacteria,Rhizobiales,Other Bacteria
395965,Methylocella silvestris BL2,Bacteria,Alphaproteobacteria,Rhizobiales,Other Bacteria
398261,Methylobacterium sp. WSM2598,Bacteria,Alphaproteobacteria,Rhizobiales,Other Bacteria
398580,Dinoroseobacter shibae DFL 12 = DSM 16493,Bacteria,Alphaproteobacteria,Rhodobacterales,Other Bacteria
402881,Parvibaculum lavamentivorans DS-1,Bacteria,Alphaproteobacteria,Rhizobiales,Other Bacteria
411684,Hoeflea phototrophica DFL-43,Bacteria,Alphaproteobacteria,Rhizobiales,Other Bacteria
412597,Paracoccus sp. TRP,Bacteria,Alphaproteobacteria,Rhodobacterales,Other Bacteria
414684,Rhodospirillum centenum SW,Bacteria,Alphaproteobacteria,Rhodospirillales,Other Bacteria
426117,Methylobacterium sp. 4-46,Bacteria,Alphaproteobacteria,Rhizobiales,Other Bacteria
426355,Methylobacterium radiotolerans JCM 2831,Bacteria,Alphaproteobacteria,Rhizobiales,Other Bacteria
438753,Azorhizobium caulinodans ORS 571,Bacteria,Alphaproteobacteria,Rhizobiales,Other Bacteria
439493,Candidatus Pelagibacter sp. HTCC7211,Bacteria,Alphaproteobacteria,Pelagibacterales,Pelagibacter
439495,Pseudovibrio sp. JE062,Bacteria,Alphaproteobacteria,Rhodobacterales,Other Bacteria
439496,Rhodobacterales bacterium Y4I,Bacteria,Alphaproteobacteria,Rhodobacterales,Other Bacteria
441620,Methylobacterium populi BJ001,Bacteria,Alphaproteobacteria,Rhizobiales,Other Bacteria
443598,Bradyrhizobium sp. Cp5.3,Bacteria,Alphaproteobacteria,Rhizobiales,Other Bacteria
450851,Phenylobacterium zucineum HLK1,Bacteria,Alphaproteobacteria,Caulobacterales,Other Bacteria
460265,Methylobacterium nodulans ORS 2060,Bacteria,Alphaproteobacteria,Rhizobiales,Other Bacteria
467661,Rhodobacteraceae bacterium KLH11,Bacteria,Alphaproteobacteria,Rhodobacterales,Other Bacteria
481446,Nautella italica,Bacteria,Alphaproteobacteria,Rhodobacterales,Other Bacteria
488538,Candidatus Puniceispirillum marinum IMCC1322,Bacteria,Alphaproteobacteria,SAR116 cluster,Other Bacteria
501479,Citreicella sp. SE45,Bacteria,Alphaproteobacteria,Rhodobacterales,Other Bacteria
504832,Oligotropha carboxidovorans OM5,Bacteria,Alphaproteobacteria,Rhizobiales,Other Bacteria
509190,Caulobacter segnis ATCC 21756,Bacteria,Alphaproteobacteria,Caulobacterales,Other Bacteria
517722,Citromicrobium sp. JLT1363,Bacteria,Alphaproteobacteria,Sphingomonadales,Other Bacteria
520448,Brucella sp. NVSL 07-0026,Bacteria,Alphaproteobacteria,Rhizobiales,Other Bacteria
536019,Mesorhizobium opportunistum WSM2075,Bacteria,Alphaproteobacteria,Rhizobiales,Other Bacteria
546899,Bradyrhizobium sp. USDA 3384,Bacteria,Alphaproteobacteria,Rhizobiales,Other Bacteria
551936,Bradyrhizobium sp. STM 3809,Bacteria,Alphaproteobacteria,Rhizobiales,Other Bacteria
551947,Bradyrhizobium sp. STM 3843,Bacteria,Alphaproteobacteria,Rhizobiales,Other Bacteria
565050,Caulobacter crescentus NA1000,Bacteria,Alphaproteobacteria,Caulobacterales,Other Bacteria
566679,Bradyrhizobium sp. ORS 375,Bacteria,Alphaproteobacteria,Rhizobiales,Other Bacteria
582402,Hirschia baltica ATCC 49814,Bacteria,Alphaproteobacteria,Rhodobacterales,Other Bacteria
582899,Hyphomicrobium denitrificans ATCC 51888,Bacteria,Alphaproteobacteria,Rhizobiales,Other Bacteria
595497,Brucella ceti str. Cudo,Bacteria,Alphaproteobacteria,Rhizobiales,Other Bacteria
595536,Methylosinus trichosporium OB3b,Bacteria,Alphaproteobacteria,Rhizobiales,Other Bacteria
627192,Sphingobium sp. SYK-6,Bacteria,Alphaproteobacteria,Sphingomonadales,Other Bacteria
633131,Thalassobium sp. R2A62,Bacteria,Alphaproteobacteria,Rhodobacterales,Other Bacteria
639283,Starkeya novella DSM 506,Bacteria,Alphaproteobacteria,Rhizobiales,Other Bacteria
641118,Ochrobactrum intermedium LMG 3301,Bacteria,Alphaproteobacteria,Rhizobiales,Other Bacteria
644076,Silicibacter sp. TrichCH4B,Bacteria,Alphaproteobacteria,Rhodobacterales,Other Bacteria
644107,Silicibacter lacuscaerulensis ITI-1157,Bacteria,Alphaproteobacteria,Rhodobacterales,Other Bacteria
648757,Rhodomicrobium vannielii ATCC 17100,Bacteria,Alphaproteobacteria,Rhizobiales,Other Bacteria
652103,Rhodopseudomonas palustris DX-1,Bacteria,Alphaproteobacteria,Rhizobiales,Other Bacteria
666684,Afipia sp. 1NLS2,Bacteria,Alphaproteobacteria,Rhizobiales,Other Bacteria
670307,Hyphomicrobium denitrificans 1NES1,Bacteria,Alphaproteobacteria,Rhizobiales,Other Bacteria
684719,alpha proteobacterium HIMB114,Bacteria,Alphaproteobacteria,Pelagibacterales,Pelagibacter
690566,Sphingobium chlorophenolicum L-1,Bacteria,Alphaproteobacteria,Sphingomonadales,Other Bacteria
698761,Rhizobium tropici CIAT 899,Bacteria,Alphaproteobacteria,Rhizobiales,Other Bacteria
702113,Novosphingobium sp. PP1Y,Bacteria,Alphaproteobacteria,Sphingomonadales,Other Bacteria
707241,Sinorhizobium meliloti SM11,Bacteria,Alphaproteobacteria,Rhizobiales,Other Bacteria
709797,Bradyrhizobiaceae bacterium SG-6C,Bacteria,Alphaproteobacteria,Rhizobiales,Other Bacteria
717785,Hyphomicrobium sp. MC1,Bacteria,Alphaproteobacteria,Rhizobiales,Other Bacteria
744979,Ahrensia sp. R2A130,Bacteria,Alphaproteobacteria,Rhodobacterales,Other Bacteria
744980,Roseibium sp. TrichSKD4,Bacteria,Alphaproteobacteria,Rhodobacterales,Other Bacteria
744985,alpha proteobacterium HIMB59,Bacteria,Alphaproteobacteria,Pelagibacterales,Pelagibacter
745310,Sphingomonas sp. MM-1,Bacteria,Alphaproteobacteria,Sphingomonadales,Other Bacteria
754035,Mesorhizobium australicum WSM2073,Bacteria,Alphaproteobacteria,Rhizobiales,Other Bacteria
864069,Microvirga lotononidis,Bacteria,Alphaproteobacteria,Rhizobiales,Other Bacteria
761573,Sinorhizobium sp. TW10,Bacteria,Alphaproteobacteria,Rhizobiales,Other Bacteria
859653,alpha proteobacterium HIMB5,Bacteria,Alphaproteobacteria,Pelagibacterales,Pelagibacter
862719,Azospirillum lipoferum 4B,Bacteria,Alphaproteobacteria,Rhodospirillales,Other Bacteria
880591,Ketogulonicigenium vulgare Y25,Bacteria,Alphaproteobacteria,Rhodobacterales,Other Bacteria
909943,SAR116 cluster alpha proteobacterium HIMB100,Bacteria,Alphaproteobacteria,SAR116 cluster,Other Bacteria
911045,Pseudovibrio sp. FO-BEG1,Bacteria,Alphaproteobacteria,Rhodobacterales,Other Bacteria
926570,Acidiphilium multivorum AIU301,Bacteria,Alphaproteobacteria,Rhodospirillales,Other Bacteria
935546,Mesorhizobium loti NZP2037,Bacteria,Alphaproteobacteria,Rhizobiales,Other Bacteria
935557,Sinorhizobium arboris LMG 14919,Bacteria,Alphaproteobacteria,Rhizobiales,Other Bacteria
939301,alpha proteobacterium SCGC AAA015-O19,Bacteria,Alphaproteobacteria,unclassified Alphaproteobacteria,Other Bacteria
981384,Ruegeria conchae,Bacteria,Alphaproteobacteria,Rhodobacterales,Other Bacteria
985867,Candidatus Odyssella thessalonicensis L13,Bacteria,Alphaproteobacteria,Holosporales,Other Bacteria
991905,Polymorphum gilvum SL003B-26A1,Bacteria,Alphaproteobacteria,unclassified Alphaproteobacteria,Other Bacteria
992186,Rhodobacter sphaeroides WS8N,Bacteria,Alphaproteobacteria,Rhodobacterales,Other Bacteria
1002672,Candidatus Pelagibacter sp. IMCC9063,Bacteria,Alphaproteobacteria,Pelagibacterales,Pelagibacter
1003237,Nitrospirillum amazonense Y2,Bacteria,Alphaproteobacteria,Rhodospirillales,Other Bacteria
1004836,Gluconacetobacter sp. SXCC-1,Bacteria,Alphaproteobacteria,Rhodospirillales,Other Bacteria
1007113,alpha proteobacterium SCGC AAA160-J14,Bacteria,Alphaproteobacteria,unclassified Alphaproteobacteria,Other Bacteria
1009708,alpha proteobacterium SCGC AAA536-G10,Bacteria,Alphaproteobacteria,unclassified Alphaproteobacteria,Other Bacteria
1009709,alpha proteobacterium SCGC AAA536-K22,Bacteria,Alphaproteobacteria,unclassified Alphaproteobacteria,Other Bacteria
1030157,Sphingomonas sp. KC8,Bacteria,Alphaproteobacteria,Sphingomonadales,Other Bacteria
1036743,Rhodospirillum rubrum F11,Bacteria,Alphaproteobacteria,Rhodospirillales,Other Bacteria
1038858,Azorhizobium doebereinerae UFLA1-100,Bacteria,Alphaproteobacteria,Rhizobiales,Other Bacteria
1038859,Bradyrhizobium elkanii WSM1741,Bacteria,Alphaproteobacteria,Rhizobiales,Other Bacteria
1038860,Bradyrhizobium elkanii WSM2783,Bacteria,Alphaproteobacteria,Rhizobiales,Other Bacteria
1038862,Bradyrhizobium japonicum USDA 124,Bacteria,Alphaproteobacteria,Rhizobiales,Other Bacteria
318996,Bradyrhizobium sp. WSM1743,Bacteria,Alphaproteobacteria,Rhizobiales,Other Bacteria
1038867,Bradyrhizobium sp. WSM3983,Bacteria,Alphaproteobacteria,Rhizobiales,Other Bacteria
1040981,Mesorhizobium ciceri WSM4083,Bacteria,Alphaproteobacteria,Rhizobiales,Other Bacteria
1040982,Mesorhizobium loti CJ3sym,Bacteria,Alphaproteobacteria,Rhizobiales,Other Bacteria
1040983,Mesorhizobium erdmanii USDA 3471,Bacteria,Alphaproteobacteria,Rhizobiales,Other Bacteria
1040985,Mesorhizobium sp. WSM2561,Bacteria,Alphaproteobacteria,Rhizobiales,Other Bacteria
1040986,Mesorhizobium sp. WSM3224,Bacteria,Alphaproteobacteria,Rhizobiales,Other Bacteria
1040987,Mesorhizobium sp. WSM3626,Bacteria,Alphaproteobacteria,Rhizobiales,Other Bacteria
1040988,Bradyrhizobium sp. WSM4349,Bacteria,Alphaproteobacteria,Rhizobiales,Other Bacteria
1040989,Bradyrhizobium sp. ARR65,Bacteria,Alphaproteobacteria,Rhizobiales,Other Bacteria
1041141,Rhizobium leguminosarum bv. viciae 128C53,Bacteria,Alphaproteobacteria,Rhizobiales,Other Bacteria
1041142,Rhizobium leguminosarum bv. viciae GB30,Bacteria,Alphaproteobacteria,Rhizobiales,Other Bacteria
1041144,Rhizobium leguminosarum bv. viciae UPM1137,Bacteria,Alphaproteobacteria,Rhizobiales,Other Bacteria
1041146,Rhizobium sullae WSM1592,Bacteria,Alphaproteobacteria,Rhizobiales,Other Bacteria
1041150,Sinorhizobium medicae WSM244,Bacteria,Alphaproteobacteria,Rhizobiales,Other Bacteria
1041151,Sinorhizobium meliloti 4H41,Bacteria,Alphaproteobacteria,Rhizobiales,Other Bacteria
1041157,Sinorhizobium meliloti WSM1022,Bacteria,Alphaproteobacteria,Rhizobiales,Other Bacteria
1042378,Oceanicola sp. S124,Bacteria,Alphaproteobacteria,Rhodobacterales,Other Bacteria
1054213,Acetobacteraceae bacterium AT-5844,Bacteria,Alphaproteobacteria,Rhodospirillales,Other Bacteria
1064539,Azospirillum brasilense Sp245,Bacteria,Alphaproteobacteria,Rhodospirillales,Other Bacteria
1079460,Rhizobium mongolense USDA 1844,Bacteria,Alphaproteobacteria,Rhizobiales,Other Bacteria
1079479,Bradyrhizobium elkanii USDA 3254,Bacteria,Alphaproteobacteria,Rhizobiales,Other Bacteria
1082931,Pelagibacterium halotolerans B2,Bacteria,Alphaproteobacteria,Rhizobiales,Other Bacteria
1082933,Mesorhizobium amorphae CCNWGS0123,Bacteria,Alphaproteobacteria,Rhizobiales,Other Bacteria
1088721,Novosphingobium pentaromativorans US6-1,Bacteria,Alphaproteobacteria,Sphingomonadales,Other Bacteria
1088868,Commensalibacter intestini A911,Bacteria,Alphaproteobacteria,Rhodospirillales,Other Bacteria
1090946,Rhizobium leguminosarum bv. viciae Vc2,Bacteria,Alphaproteobacteria,Rhizobiales,Other Bacteria
1094489,Bartonella australis Aust/NH1,Bacteria,Alphaproteobacteria,Rhizobiales,Other Bacteria
1107882,Mesorhizobium alhagi CCNWXJ12-2,Bacteria,Alphaproteobacteria,Rhizobiales,Other Bacteria
1110502,Tistrella mobilis KA081020-065,Bacteria,Alphaproteobacteria,Rhodospirillales,Other Bacteria
1117943,Sinorhizobium fredii HH103,Bacteria,Alphaproteobacteria,Rhizobiales,Other Bacteria
1123366,Thalassospira xiamenensis M-5 = DSM 17429,Bacteria,Alphaproteobacteria,Rhodospirillales,Other Bacteria
1144343,Phyllobacterium sp. YR531,Bacteria,Alphaproteobacteria,Rhizobiales,Other Bacteria
1150469,Pararhodospirillum photometricum DSM 122,Bacteria,Alphaproteobacteria,Rhodospirillales,Other Bacteria
1150626,Phaeospirillum molischianum DSM 120,Bacteria,Alphaproteobacteria,Rhodospirillales,Other Bacteria
1177928,Thalassospira profundimaris WP0211,Bacteria,Alphaproteobacteria,Rhodospirillales,Other Bacteria
1187851,Rhodovulum sp. PH10,Bacteria,Alphaproteobacteria,Rhodobacterales,Other Bacteria
1188263,Bradyrhizobium sp. WSM2254,Bacteria,Alphaproteobacteria,Rhizobiales,Other Bacteria
1189611,Nitratireductor aquibiodomus RA22,Bacteria,Alphaproteobacteria,Rhizobiales,Other Bacteria
1193729,Candidatus Endolissoclinum faulkneri L2,Bacteria,Alphaproteobacteria,Rhodospirillales,Other Bacteria
1207063,Oceanibaculum indicum P24,Bacteria,Alphaproteobacteria,Rhodospirillales,Other Bacteria
1208323,Celeribacter baekdonensis B30,Bacteria,Alphaproteobacteria,Rhodobacterales,Other Bacteria
1220535,alpha proteobacterium IMCC14465,Bacteria,Alphaproteobacteria,other,Other Bacteria
1231190,Nitratireductor indicus C115,Bacteria,Alphaproteobacteria,Rhizobiales,Other Bacteria
1231392,Oceaniovalibus guishaninsula JLT2003,Bacteria,Alphaproteobacteria,Rhodobacterales,Other Bacteria
1235461,Sinorhizobium meliloti GR4,Bacteria,Alphaproteobacteria,Rhizobiales,Other Bacteria
1238182,Caenispirillum salinarum AK4,Bacteria,Alphaproteobacteria,Rhodospirillales,Other Bacteria
1245469,Bradyrhizobium oligotrophicum S58,Bacteria,Alphaproteobacteria,Rhizobiales,Other Bacteria
1328306,Rhizobium etli bv. mimosae str. Mim1,Bacteria,Alphaproteobacteria,Rhizobiales,Other Bacteria
85643,Thauera sp. MZ1T,Bacteria,Betaproteobacteria,Rhodocyclales,Other Bacteria
94624,Bordetella petrii,Bacteria,Betaproteobacteria,Burkholderiales,Other Bacteria
153948,Nitrosomonas sp. AL212,Bacteria,Betaproteobacteria,Nitrosomonadales,Other Bacteria
204773,Herminiimonas arsenicoxydans,Bacteria,Betaproteobacteria,Burkholderiales,Other Bacteria
228410,Nitrosomonas europaea ATCC 19718,Bacteria,Betaproteobacteria,Nitrosomonadales,Other Bacteria
243160,Burkholderia mallei ATCC 23344,Bacteria,Betaproteobacteria,Burkholderiales,Other Bacteria
243261,Burkholderia sp. Ch1-1,Bacteria,Betaproteobacteria,Burkholderiales,Other Bacteria
243365,Chromobacterium violaceum ATCC 12472,Bacteria,Betaproteobacteria,Neisseriales,Other Bacteria
264198,Ralstonia eutropha JMP134,Bacteria,Betaproteobacteria,Burkholderiales,Other Bacteria
265072,Methylobacillus flagellatus KT,Bacteria,Betaproteobacteria,Nitrosomonadales,Other Bacteria
266264,Cupriavidus metallidurans CH34,Bacteria,Betaproteobacteria,Burkholderiales,Other Bacteria
266265,Paraburkholderia xenovorans LB400,Bacteria,Betaproteobacteria,Burkholderiales,Other Bacteria
482957,Burkholderia lata,Bacteria,Betaproteobacteria,Burkholderiales,Other Bacteria
279714,Pseudogulbenkiania ferrooxidans 2002,Bacteria,Betaproteobacteria,Neisseriales,Other Bacteria
292415,Thiobacillus denitrificans ATCC 25259,Bacteria,Betaproteobacteria,Nitrosomonadales,Other Bacteria
296591,Polaromonas sp. JS666,Bacteria,Betaproteobacteria,Burkholderiales,Other Bacteria
311231,Paraburkholderia ginsengisoli,Bacteria,Betaproteobacteria,Burkholderiales,Other Bacteria
314607,beta proteobacterium KB13,Bacteria,Betaproteobacteria,Nitrosomonadales,Other Bacteria
323848,Nitrosospira multiformis ATCC 25196,Bacteria,Betaproteobacteria,Nitrosomonadales,Other Bacteria
335283,Nitrosomonas eutropha C91,Bacteria,Betaproteobacteria,Nitrosomonadales,Other Bacteria
339670,Burkholderia ambifaria AMMD,Bacteria,Betaproteobacteria,Burkholderiales,Other Bacteria
350701,Burkholderia dolosa AU0158,Bacteria,Betaproteobacteria,Burkholderiales,Other Bacteria
358220,Acidovorax sp. KKS102,Bacteria,Betaproteobacteria,Burkholderiales,Other Bacteria
360910,Bordetella avium 197N,Bacteria,Betaproteobacteria,Burkholderiales,Other Bacteria
381666,Ralstonia eutropha H16,Bacteria,Betaproteobacteria,Burkholderiales,Other Bacteria
383631,Methylophilales bacterium HTCC2181,Bacteria,Betaproteobacteria,Nitrosomonadales,Other Bacteria
391735,Verminephrobacter eiseniae EF01-2,Bacteria,Betaproteobacteria,Burkholderiales,Other Bacteria
395019,Burkholderia multivorans ATCC 17616,Bacteria,Betaproteobacteria,Burkholderiales,Other Bacteria
397945,Acidovorax citrulli AAC00-1,Bacteria,Betaproteobacteria,Burkholderiales,Other Bacteria
398577,Burkholderia ambifaria MC40-6,Bacteria,Betaproteobacteria,Burkholderiales,Other Bacteria
399795,Comamonas testosteroni KF-1,Bacteria,Betaproteobacteria,Burkholderiales,Other Bacteria
420662,Methylibium petroleiphilum PM1,Bacteria,Betaproteobacteria,Burkholderiales,Other Bacteria
441156,Burkholderia pseudomallei 7894,Bacteria,Betaproteobacteria,Burkholderiales,Other Bacteria
441166,Burkholderia ubonensis Bu,Bacteria,Betaproteobacteria,Burkholderiales,Other Bacteria
452638,Polynucleobacter necessarius subsp. necessarius STIR1,Bacteria,Betaproteobacteria,Burkholderiales,Other Bacteria
512030,Acidovorax sp. NO-1,Bacteria,Betaproteobacteria,Burkholderiales,Other Bacteria
580332,Sideroxydans lithotrophicus ES-1,Bacteria,Betaproteobacteria,Nitrosomonadales,Other Bacteria
582744,Methylovorus glucosetrophus SIP3-4,Bacteria,Betaproteobacteria,Nitrosomonadales,Other Bacteria
583345,Methylotenera mobilis JLW8,Bacteria,Betaproteobacteria,Nitrosomonadales,Other Bacteria
595537,Variovorax paradoxus EPS,Bacteria,Betaproteobacteria,Burkholderiales,Other Bacteria
596154,Alicycliphilus denitrificans K601,Bacteria,Betaproteobacteria,Burkholderiales,Other Bacteria
626418,Burkholderia glumae BGR1,Bacteria,Betaproteobacteria,Burkholderiales,Other Bacteria
640081,Dechlorosoma suillum PS,Bacteria,Betaproteobacteria,Rhodocyclales,Other Bacteria
643561,Acidovorax avenae subsp. avenae ATCC 19860,Bacteria,Betaproteobacteria,Burkholderiales,Other Bacteria
658080,Ralstonia sp. 5_2_56FAA,Bacteria,Betaproteobacteria,Burkholderiales,Other Bacteria
666681,Methylotenera versatilis 301,Bacteria,Betaproteobacteria,Nitrosomonadales,Other Bacteria
742013,Delftia sp. Cs1-4,Bacteria,Betaproteobacteria,Burkholderiales,Other Bacteria
742159,Achromobacter piechaudii ATCC 43553,Bacteria,Betaproteobacteria,Burkholderiales,Other Bacteria
742821,Sutterella wadsworthensis 3_1_45B,Bacteria,Betaproteobacteria,Burkholderiales,Other Bacteria
748247,Azoarcus sp. KH32C,Bacteria,Betaproteobacteria,Rhodocyclales,Other Bacteria
748280,Pseudogulbenkiania sp. NH8B,Bacteria,Betaproteobacteria,Neisseriales,Other Bacteria
757424,Herbaspirillum seropedicae SmR1,Bacteria,Betaproteobacteria,Burkholderiales,Other Bacteria
762376,Achromobacter xylosoxidans A8,Bacteria,Betaproteobacteria,Burkholderiales,Other Bacteria
859656,Ralstonia solanacearum CFBP2957,Bacteria,Betaproteobacteria,Burkholderiales,Other Bacteria
859657,Ralstonia solanacearum PSI07,Bacteria,Betaproteobacteria,Burkholderiales,Other Bacteria
887062,Hylemonella gracilis ATCC 19624,Bacteria,Betaproteobacteria,Burkholderiales,Other Bacteria
935543,Burkholderia sp. WSM4176,Bacteria,Betaproteobacteria,Burkholderiales,Other Bacteria
937450,Oxalobacteraceae bacterium IMCC9480,Bacteria,Betaproteobacteria,Burkholderiales,Other Bacteria
983917,Rubrivivax gelatinosus IL144,Bacteria,Betaproteobacteria,Burkholderiales,Other Bacteria
999386,Acidovorax radicis N35,Bacteria,Betaproteobacteria,Burkholderiales,Other Bacteria
1000565,Methyloversatilis universalis FAM5,Bacteria,Betaproteobacteria,Nitrosomonadales,Other Bacteria
1005048,Collimonas fungivorans Ter331,Bacteria,Betaproteobacteria,Burkholderiales,Other Bacteria
1007105,Pusillimonas sp. T7-7,Bacteria,Betaproteobacteria,Burkholderiales,Other Bacteria
1031711,Ralstonia solanacearum Po82,Bacteria,Betaproteobacteria,Burkholderiales,Other Bacteria
1036672,Advenella kashmirensis WT001,Bacteria,Betaproteobacteria,Burkholderiales,Other Bacteria
1040978,Cupriavidus taiwanensis STM 6018,Bacteria,Betaproteobacteria,Burkholderiales,Other Bacteria
1080179,Burkholderia sp. UYPR1.413,Bacteria,Betaproteobacteria,Burkholderiales,Other Bacteria
1080187,Cupriavidus sp. UYPR2.512,Bacteria,Betaproteobacteria,Burkholderiales,Other Bacteria
1262456,Ralstonia solanacearum FQY_4,Bacteria,Betaproteobacteria,Burkholderiales,Other Bacteria
88274,delta proteobacterium NaphS2,Bacteria,Deltaproteobacteria,other,Other Bacteria
96561,Desulfococcus oleovorans Hxd3,Bacteria,Deltaproteobacteria,Desulfobacterales,Other Bacteria
177437,Desulfobacterium autotrophicum HRM2,Bacteria,Deltaproteobacteria,Desulfobacterales,Other Bacteria
177439,Desulfotalea psychrophila LSv54,Bacteria,Deltaproteobacteria,Desulfobacterales,Other Bacteria
207559,Desulfovibrio alaskensis G20,Bacteria,Deltaproteobacteria,Desulfovibrionales,Other Bacteria
243231,Geobacter sulfurreducens PCA,Bacteria,Deltaproteobacteria,Desulfuromonadales,Other Bacteria
262489,delta proteobacterium MLMS-1,Bacteria,Deltaproteobacteria,other,Other Bacteria
269799,Geobacter metallireducens GS-15,Bacteria,Deltaproteobacteria,Desulfuromonadales,Other Bacteria
281689,Desulfuromonas acetoxidans DSM 684,Bacteria,Deltaproteobacteria,Desulfuromonadales,Other Bacteria
298701,Desulfovibrio sp. A2,Bacteria,Deltaproteobacteria,Desulfovibrionales,Other Bacteria
316067,Geobacter daltonii FRC-32,Bacteria,Deltaproteobacteria,Desulfuromonadales,Other Bacteria
335543,Syntrophobacter fumaroxidans MPOB,Bacteria,Deltaproteobacteria,Syntrophobacterales,Other Bacteria
338963,Pelobacter carbinolicus DSM 2380,Bacteria,Deltaproteobacteria,Desulfuromonadales,Other Bacteria
338966,Pelobacter propionicus DSM 2379,Bacteria,Deltaproteobacteria,Desulfuromonadales,Other Bacteria
351605,Geobacter uraniireducens Rf4,Bacteria,Deltaproteobacteria,Desulfuromonadales,Other Bacteria
360105,Campylobacter curvus 525.92,Bacteria,Epsilonproteobacteria,Campylobacterales,Other Bacteria
378806,Stigmatella aurantiaca DW4/3-1,Bacteria,Deltaproteobacteria,Myxococcales,Other Bacteria
391625,Plesiocystis pacifica SIR-1,Bacteria,Deltaproteobacteria,Myxococcales,Other Bacteria
398767,Geobacter lovleyi SZ,Bacteria,Deltaproteobacteria,Desulfuromonadales,Other Bacteria
404589,Anaeromyxobacter sp. Fw109-5,Bacteria,Deltaproteobacteria,Myxococcales,Other Bacteria
439235,Desulfatibacillum alkenivorans AK-01,Bacteria,Deltaproteobacteria,Desulfobacterales,Other Bacteria
929558,Sulfurimonas gotlandica GD1,Bacteria,Epsilonproteobacteria,Campylobacterales,Other Bacteria
443143,Geobacter sp. M18,Bacteria,Deltaproteobacteria,Desulfuromonadales,Other Bacteria
447217,Anaeromyxobacter sp. K,Bacteria,Deltaproteobacteria,Myxococcales,Other Bacteria
448385,Sorangium cellulosum So ce56,Bacteria,Deltaproteobacteria,Myxococcales,Other Bacteria
455488,Anaeromyxobacter dehalogenans 2CP-1,Bacteria,Deltaproteobacteria,Myxococcales,Other Bacteria
483219,Myxococcus fulvus HW-1,Bacteria,Deltaproteobacteria,Myxococcales,Other Bacteria
485915,Desulfohalobium retbaense DSM 5692,Bacteria,Deltaproteobacteria,Desulfovibrionales,Other Bacteria
502025,Haliangium ochraceum DSM 14365,Bacteria,Deltaproteobacteria,Myxococcales,Other Bacteria
526222,Desulfovibrio salexigens DSM 2638,Bacteria,Deltaproteobacteria,Desulfovibrionales,Other Bacteria
589865,Desulfurivibrio alkaliphilus AHT 2,Bacteria,Deltaproteobacteria,Desulfobacterales,Other Bacteria
596151,Desulfovibrio fructosivorans JJ,Bacteria,Deltaproteobacteria,Desulfovibrionales,Other Bacteria
643562,Pseudodesulfovibrio aespoeensis Aspo-2,Bacteria,Deltaproteobacteria,Desulfovibrionales,Other Bacteria
644968,Desulfovibrio sp. FW1012B,Bacteria,Deltaproteobacteria,Desulfovibrionales,Other Bacteria
651182,Desulfobacula toluolica Tol2,Bacteria,Deltaproteobacteria,Desulfobacterales,Other Bacteria
663917,Geobacter sulfurreducens KN400,Bacteria,Deltaproteobacteria,Desulfuromonadales,Other Bacteria
690850,Desulfovibrio africanus str. Walvis Bay,Bacteria,Deltaproteobacteria,Desulfovibrionales,Other Bacteria
694431,Desulfurella acetivorans A63,Bacteria,Deltaproteobacteria,Desulfurellales,Other Bacteria
706587,Desulfomonile tiedjei DSM 6799,Bacteria,Deltaproteobacteria,Syntrophobacterales,Other Bacteria
709032,Sulfuricurvum kujiense DSM 16994,Bacteria,Epsilonproteobacteria,Campylobacterales,Other Bacteria
760142,Hippea maritima DSM 10411,Bacteria,Deltaproteobacteria,Desulfurellales,Other Bacteria
880072,Desulfobacca acetoxidans DSM 11109,Bacteria,Deltaproteobacteria,Syntrophobacterales,Other Bacteria
944547,Arcobacter sp. L,Bacteria,Epsilonproteobacteria,Campylobacterales,Other Bacteria
1073573,SAR324 cluster bacterium JCVI-SC AAA005,Bacteria,Deltaproteobacteria,SAR324 cluster,Other Bacteria
1167006,Desulfocapsa sulfexigens DSM 10523,Bacteria,Deltaproteobacteria,Desulfobacterales,Other Bacteria
1254432,Sorangium cellulosum So0157-2,Bacteria,Deltaproteobacteria,Myxococcales,Other Bacteria
1278073,Myxococcus stipitatus DSM 14675,Bacteria,Deltaproteobacteria,Myxococcales,Other Bacteria
1322246,Pseudodesulfovibrio piezophilus C1TLV30,Bacteria,Deltaproteobacteria,Desulfovibrionales,Other Bacteria
94122,Shewanella sp. ANA-3,Bacteria,Gammaproteobacteria,Alteromonadales,Other Bacteria
105559,Nitrosococcus watsonii C-113,Bacteria,Gammaproteobacteria,Chromatiales,Other Bacteria
156578,Alteromonadales bacterium TW-7,Bacteria,Gammaproteobacteria,Alteromonadales,Other Bacteria
160492,Xylella fastidiosa 9a5c,Bacteria,Gammaproteobacteria,Xanthomonadales,Other Bacteria
167879,Colwellia psychrerythraea 34H,Bacteria,Gammaproteobacteria,Alteromonadales,Other Bacteria
187272,Alkalilimnicola ehrlichii MLHE-1,Bacteria,Gammaproteobacteria,Chromatiales,Other Bacteria
190486,Xanthomonas axonopodis pv. citri str. 306,Bacteria,Gammaproteobacteria,Xanthomonadales,Other Bacteria
207949,Bermanella marisrubri,Bacteria,Gammaproteobacteria,Oceanospirillales,Other Bacteria
207954,Neptuniibacter caesariensis,Bacteria,Gammaproteobacteria,Oceanospirillales,Other Bacteria
211586,Shewanella oneidensis MR-1,Bacteria,Gammaproteobacteria,Alteromonadales,Other Bacteria
216895,Vibrio vulnificus CMCP6,Bacteria,Gammaproteobacteria,Vibrionales,Other Bacteria
218491,Pectobacterium atrosepticum SCRI1043,Bacteria,Gammaproteobacteria,Enterobacterales,Other Bacteria
225849,Shewanella piezotolerans WP3,Bacteria,Gammaproteobacteria,Alteromonadales,Other Bacteria
243233,Methylococcus capsulatus str. Bath,Bacteria,Gammaproteobacteria,Methylococcales,Other Bacteria
247633,marine gamma proteobacterium HTCC2143,Bacteria,Gammaproteobacteria,Cellvibrionales,Other Bacteria
247634,marine gamma proteobacterium HTCC2148,Bacteria,Gammaproteobacteria,Cellvibrionales,Other Bacteria
247639,marine gamma proteobacterium HTCC2080,Bacteria,Gammaproteobacteria,Cellvibrionales,Other Bacteria
270374,Marinobacter sp. ELB17,Bacteria,Gammaproteobacteria,Alteromonadales,Other Bacteria
283942,Idiomarina loihiensis L2TR,Bacteria,Gammaproteobacteria,Alteromonadales,Other Bacteria
290398,Chromohalobacter salexigens DSM 3043,Bacteria,Gammaproteobacteria,Oceanospirillales,Other Bacteria
314275,Alteromonas mediterranea,Bacteria,Gammaproteobacteria,Alteromonadales,Other Bacteria
314276,Idiomarina baltica OS145,Bacteria,Gammaproteobacteria,Alteromonadales,Other Bacteria
314277,Marinomonas sp. MED121,Bacteria,Gammaproteobacteria,Oceanospirillales,Other Bacteria
314282,Psychromonas sp. CNPT3,Bacteria,Gammaproteobacteria,Alteromonadales,Other Bacteria
314283,Reinekea blandensis MED297,Bacteria,Gammaproteobacteria,Oceanospirillales,Other Bacteria
314285,Congregibacter litoralis KT71,Bacteria,Gammaproteobacteria,Cellvibrionales,Other Bacteria
314287,gamma proteobacterium HTCC2207,Bacteria,Gammaproteobacteria,Cellvibrionales,Other Bacteria
314291,Vibrio splendidus 12B01,Bacteria,Gammaproteobacteria,Vibrionales,Other Bacteria
314608,Shewanella benthica KT99,Bacteria,Gammaproteobacteria,Alteromonadales,Other Bacteria
317025,Hydrogenovibrio crunogenus XCL-2,Bacteria,Gammaproteobacteria,Thiotrichales,Other Bacteria
318167,Shewanella frigidimarina NCIMB 400,Bacteria,Gammaproteobacteria,Alteromonadales,Other Bacteria
323850,Shewanella loihica PV-4,Bacteria,Gammaproteobacteria,Alteromonadales,Other Bacteria
326442,Pseudoalteromonas haloplanktis TAC125,Bacteria,Gammaproteobacteria,Alteromonadales,Other Bacteria
327275,Shewanella sp. HN-41,Bacteria,Gammaproteobacteria,Alteromonadales,Other Bacteria
342610,Pseudoalteromonas atlantica T6c,Bacteria,Gammaproteobacteria,Alteromonadales,Other Bacteria
349124,Halorhodospira halophila SL1,Bacteria,Gammaproteobacteria,Chromatiales,Other Bacteria
349521,Hahella chejuensis KCTC 2396,Bacteria,Gammaproteobacteria,Oceanospirillales,Other Bacteria
357804,Psychromonas ingrahamii 37,Bacteria,Gammaproteobacteria,Alteromonadales,Other Bacteria
377629,Teredinibacter turnerae T7901,Bacteria,Gammaproteobacteria,Cellvibrionales,Other Bacteria
380703,Aeromonas hydrophila subsp. hydrophila ATCC 7966,Bacteria,Gammaproteobacteria,Aeromonadales,Other Bacteria
381754,Pseudomonas aeruginosa PA7,Bacteria,Gammaproteobacteria,Pseudomonadales,Other Bacteria
382245,Aeromonas salmonicida subsp. salmonicida A449,Bacteria,Gammaproteobacteria,Aeromonadales,Other Bacteria
383911,Pseudoalteromonas sp. BSi20311,Bacteria,Gammaproteobacteria,Alteromonadales,Other Bacteria
385025,Cycloclasticus sp. P1,Bacteria,Gammaproteobacteria,Thiotrichales,Other Bacteria
386429,Pseudoalteromonas sp. BSi20495,Bacteria,Gammaproteobacteria,Alteromonadales,Other Bacteria
388384,Pseudoalteromonas sp. BSi20652,Bacteria,Gammaproteobacteria,Alteromonadales,Other Bacteria
390235,Pseudomonas putida W619,Bacteria,Gammaproteobacteria,Pseudomonadales,Other Bacteria
391586,Vibrio sp. 16,Bacteria,Gammaproteobacteria,Vibrionales,Other Bacteria
391591,Vibrio shilonii AK1,Bacteria,Gammaproteobacteria,Vibrionales,Other Bacteria
391601,Stenotrophomonas sp. SKA14,Bacteria,Gammaproteobacteria,Xanthomonadales,Other Bacteria
391615,gamma proteobacterium HTCC5015,Bacteria,Gammaproteobacteria,unclassified Gammaproteobacteria,Other Bacteria
392500,Shewanella woodyi ATCC 51908,Bacteria,Gammaproteobacteria,Alteromonadales,Other Bacteria
393595,Alcanivorax borkumensis SK2,Bacteria,Gammaproteobacteria,Oceanospirillales,Other Bacteria
396588,Thioalkalivibrio sulfidiphilus HL-EbGr7,Bacteria,Gammaproteobacteria,Chromatiales,Other Bacteria
398579,Shewanella pealeana ATCC 700345,Bacteria,Gammaproteobacteria,Alteromonadales,Other Bacteria
399739,Pseudomonas mendocina ymp,Bacteria,Gammaproteobacteria,Pseudomonadales,Other Bacteria
400668,Marinomonas sp. MWYL1,Bacteria,Gammaproteobacteria,Oceanospirillales,Other Bacteria
405955,Escherichia coli APEC O1,Bacteria,Gammaproteobacteria,Enterobacterales,Other Bacteria
406817,Xenorhabdus nematophila ATCC 19061,Bacteria,Gammaproteobacteria,Enterobacterales,Other Bacteria
407976,Shewanella baltica OS223,Bacteria,Gammaproteobacteria,Alteromonadales,Other Bacteria
410291,Vibrio campbellii HY01,Bacteria,Gammaproteobacteria,Vibrionales,Other Bacteria
412965,Candidatus Vesicomyosocius okutanii HA,Bacteria,Gammaproteobacteria,sulfur-oxidizing symbionts,Other Bacteria
413404,Candidatus Ruthia magnifica str. Cm (Calyptogena magnifica),Bacteria,Gammaproteobacteria,sulfur-oxidizing symbionts,Other Bacteria
425104,Shewanella sediminis HAW-EB3,Bacteria,Gammaproteobacteria,Alteromonadales,Other Bacteria
427082,Xanthomonas fuscans subsp. aurantifolii str. ICPB 10535,Bacteria,Gammaproteobacteria,Xanthomonadales,Other Bacteria
434085,gamma proteobacterium IMCC2047,Bacteria,Gammaproteobacteria,other,Other Bacteria
436717,Acinetobacter oleivorans DR1,Bacteria,Gammaproteobacteria,Pseudomonadales,Other Bacteria
443152,Marinobacter algicola DG893,Bacteria,Gammaproteobacteria,Alteromonadales,Other Bacteria
455436,Glaciecola sp. HTCC2999,Bacteria,Gammaproteobacteria,Alteromonadales,Other Bacteria
458817,Shewanella halifaxensis HAW-EB4,Bacteria,Gammaproteobacteria,Alteromonadales,Other Bacteria
472759,Nitrosococcus halophilus Nc 4,Bacteria,Gammaproteobacteria,Chromatiales,Other Bacteria
473788,Nitrosococcus oceani AFC27,Bacteria,Gammaproteobacteria,Chromatiales,Other Bacteria
490759,Marinobacter sp. BSs20148,Bacteria,Gammaproteobacteria,Alteromonadales,Other Bacteria
491952,Marinomonas posidonica IVIA-Po-181,Bacteria,Gammaproteobacteria,Oceanospirillales,Other Bacteria
498211,Cellvibrio japonicus Ueda107,Bacteria,Gammaproteobacteria,Cellvibrionales,Other Bacteria
506534,Rheinheimera sp. A13L,Bacteria,Gammaproteobacteria,Chromatiales,Other Bacteria
519989,Ectothiorhodospira sp. PHS-1,Bacteria,Gammaproteobacteria,Chromatiales,Other Bacteria
520999,Providencia alcalifaciens DSM 30120,Bacteria,Gammaproteobacteria,Enterobacterales,Other Bacteria
522373,Stenotrophomonas maltophilia K279a,Bacteria,Gammaproteobacteria,Xanthomonadales,Other Bacteria
523791,Kangiella koreensis DSM 16069,Bacteria,Gammaproteobacteria,Oceanospirillales,Other Bacteria
529120,Alteromonas macleodii ATCC 27126,Bacteria,Gammaproteobacteria,Alteromonadales,Other Bacteria
550540,Ferrimonas balearica DSM 9799,Bacteria,Gammaproteobacteria,Alteromonadales,Other Bacteria
550984,Halomonas sp. HAL1,Bacteria,Gammaproteobacteria,Oceanospirillales,Other Bacteria
555778,Halothiobacillus neapolitanus c2,Bacteria,Gammaproteobacteria,Chromatiales,Other Bacteria
561229,Dickeya chrysanthemi Ech1591,Bacteria,Gammaproteobacteria,Enterobacterales,Other Bacteria
563797,Pseudomonas coronafaciens pv. oryzae str. 1_6,Bacteria,Gammaproteobacteria,Pseudomonadales,Other Bacteria
565045,Luminiphilus syltensis NOR5-1B,Bacteria,Gammaproteobacteria,Cellvibrionales,Other Bacteria
566466,gamma proteobacterium NOR5-3,Bacteria,Gammaproteobacteria,other,Other Bacteria
572477,Allochromatium vinosum DSM 180,Bacteria,Gammaproteobacteria,Chromatiales,Other Bacteria
579405,Dickeya paradisiaca Ech703,Bacteria,Gammaproteobacteria,Enterobacterales,Other Bacteria
592313,Vibrio cholerae 12129(1),Bacteria,Gammaproteobacteria,Vibrionales,Other Bacteria
592316,Pantoea sp. At-9b,Bacteria,Gammaproteobacteria,Enterobacterales,Other Bacteria
598467,Brenneria sp. EniD312,Bacteria,Gammaproteobacteria,Enterobacterales,Other Bacteria
631362,Thiorhodovibrio sp. 970,Bacteria,Gammaproteobacteria,Chromatiales,Other Bacteria
634500,Erwinia billingiae Eb661,Bacteria,Gammaproteobacteria,Enterobacterales,Other Bacteria
637616,Methylophaga thiooxydans DMS010,Bacteria,Gammaproteobacteria,Thiotrichales,Other Bacteria
638315,Legionella longbeachae D-4968,Bacteria,Gammaproteobacteria,Legionellales,Other Bacteria
644801,Pseudomonas stutzeri RCH2,Bacteria,Gammaproteobacteria,Pseudomonadales,Other Bacteria
648174,uncultured SAR86 cluster bacterium,Bacteria,Gammaproteobacteria,other,Other Bacteria
675812,Grimontia hollisae CIP 101886,Bacteria,Gammaproteobacteria,Vibrionales,Other Bacteria
693974,Shewanella baltica BA175,Bacteria,Gammaproteobacteria,Alteromonadales,Other Bacteria
693985,Pseudomonas savastanoi pv. savastanoi NCPPB 3335,Bacteria,Gammaproteobacteria,Pseudomonadales,Other Bacteria
713587,Thioalkalivibrio thiocyanoxidans ARh 4,Bacteria,Gammaproteobacteria,Chromatiales,Other Bacteria
715451,Alteromonas naphthalenivorans,Bacteria,Gammaproteobacteria,Alteromonadales,Other Bacteria
717774,Marinomonas mediterranea MMB-1,Bacteria,Gammaproteobacteria,Oceanospirillales,Other Bacteria
722419,Pseudoalteromonas haloplanktis ANT/505,Bacteria,Gammaproteobacteria,Alteromonadales,Other Bacteria
745411,Gallaecimonas xiamenensis 3-C-1,Bacteria,Gammaproteobacteria,Gallaecimonas,Other Bacteria
749540,Escherichia coli MS 146-1,Bacteria,Gammaproteobacteria,Enterobacterales,Other Bacteria
754476,Methylophaga nitratireducenticrescens,Bacteria,Gammaproteobacteria,Thiotrichales,Other Bacteria
754477,Methylophaga frappieri,Bacteria,Gammaproteobacteria,Thiotrichales,Other Bacteria
765910,Marichromatium purpuratum 984,Bacteria,Gammaproteobacteria,Chromatiales,Other Bacteria
765912,Thioflavicoccus mobilis 8321,Bacteria,Gammaproteobacteria,Chromatiales,Other Bacteria
765913,Thiorhodococcus drewsii AZ1,Bacteria,Gammaproteobacteria,Chromatiales,Other Bacteria
768066,Halomonas elongata DSM 2581,Bacteria,Gammaproteobacteria,Oceanospirillales,Other Bacteria
768671,Thiocapsa marina 5811,Bacteria,Gammaproteobacteria,Chromatiales,Other Bacteria
796620,Vibrio caribbeanicus ATCC BAA-2122,Bacteria,Gammaproteobacteria,Vibrionales,Other Bacteria
797473,Cardiobacterium valvarum F0432,Bacteria,Gammaproteobacteria,Cardiobacteriales,Other Bacteria
857087,Methylomonas methanica MC09,Bacteria,Gammaproteobacteria,Methylococcales,Other Bacteria
870187,Thiothrix nivea DSM 5205,Bacteria,Gammaproteobacteria,Thiotrichales,Other Bacteria
876044,gamma proteobacterium IMCC3088,Bacteria,Gammaproteobacteria,Cellvibrionales,Other Bacteria
903510,Vibrio furnissii NCTC 11218,Bacteria,Gammaproteobacteria,Vibrionales,Other Bacteria
913324,gamma proteobacterium SCGC AAA001-B15,Bacteria,Gammaproteobacteria,other,Other Bacteria
930169,Alcanivorax dieselolei B5,Bacteria,Gammaproteobacteria,Oceanospirillales,Other Bacteria
939696,gamma proteobacterium SCGC AAA300-D14,Bacteria,Gammaproteobacteria,other,Other Bacteria
980514,Acinetobacter baumannii TCDC-AB0715,Bacteria,Gammaproteobacteria,Pseudomonadales,Other Bacteria
983545,Glaciecola sp. 4H-3-7+YE-5,Bacteria,Gammaproteobacteria,Alteromonadales,Other Bacteria
998088,Aeromonas veronii B565,Bacteria,Gammaproteobacteria,Aeromonadales,Other Bacteria
1001585,Pseudomonas mendocina NK-01,Bacteria,Gammaproteobacteria,Pseudomonadales,Other Bacteria
1004785,Alteromonas macleodii str. 'Black Sea 11',Bacteria,Gammaproteobacteria,Alteromonadales,Other Bacteria
1004786,Alteromonas mediterranea DE1,Bacteria,Gammaproteobacteria,Alteromonadales,Other Bacteria
1004787,Alteromonas macleodii str. 'Balearic Sea AD45',Bacteria,Gammaproteobacteria,Alteromonadales,Other Bacteria
1004788,Alteromonas macleodii str. 'English Channel 673',Bacteria,Gammaproteobacteria,Alteromonadales,Other Bacteria
1007115,gamma proteobacterium SCGC AAA076-D13,Bacteria,Gammaproteobacteria,other,Other Bacteria
1007116,gamma proteobacterium SCGC AAA076-E13,Bacteria,Gammaproteobacteria,other,Other Bacteria
1007119,gamma proteobacterium SCGC AAA076-P13,Bacteria,Gammaproteobacteria,other,Other Bacteria
1009425,gamma proteobacterium SCGC AAA168-I18,Bacteria,Gammaproteobacteria,other,Other Bacteria
1026882,Methylophaga aminisulfidivorans MP,Bacteria,Gammaproteobacteria,Thiotrichales,Other Bacteria
1029823,Acinetobacter sp. P8-3-8,Bacteria,Gammaproteobacteria,Pseudomonadales,Other Bacteria
1033802,Salinisphaera shabanensis E1L3A,Bacteria,Gammaproteobacteria,Salinisphaerales,Other Bacteria
1035839,Haemophilus sputorum CCUG 13788,Bacteria,Gammaproteobacteria,Pasteurellales,Other Bacteria
1042375,Marinobacterium stanieri S30,Bacteria,Gammaproteobacteria,Oceanospirillales,Other Bacteria
1042377,Microbulbifer agarilyticus S89,Bacteria,Gammaproteobacteria,Cellvibrionales,Other Bacteria
1048808,endosymbiont of Riftia pachyptila (vent Ph05),Bacteria,Gammaproteobacteria,sulfur-oxidizing symbionts,Other Bacteria
1049564,endosymbiont of Tevnia jerichonana (vent Tica),Bacteria,Gammaproteobacteria,sulfur-oxidizing symbionts,Other Bacteria
1051649,Vibrio nigripulchritudo ATCC 27043,Bacteria,Gammaproteobacteria,Vibrionales,Other Bacteria
1056512,Grimontia indica,Bacteria,Gammaproteobacteria,Vibrionales,Other Bacteria
1085623,Glaciecola nitratireducens FR1064,Bacteria,Gammaproteobacteria,Alteromonadales,Other Bacteria
1091494,Methylomicrobium alcaliphilum 20Z,Bacteria,Gammaproteobacteria,Methylococcales,Other Bacteria
1112217,Pseudomonas psychrotolerans L19,Bacteria,Gammaproteobacteria,Pseudomonadales,Other Bacteria
1114970,Pseudomonas fluorescens F113,Bacteria,Gammaproteobacteria,Pseudomonadales,Other Bacteria
1116375,Vibrio sp. EJY3,Bacteria,Gammaproteobacteria,Vibrionales,Other Bacteria
1117647,Simiduia agarivorans SA1 = DSM 21679,Bacteria,Gammaproteobacteria,Cellvibrionales,Other Bacteria
1118153,Halomonas sp. GFAJ-1,Bacteria,Gammaproteobacteria,Oceanospirillales,Other Bacteria
1124983,Pseudomonas protegens CHA0,Bacteria,Gammaproteobacteria,Pseudomonadales,Other Bacteria
1129794,Paraglaciecola psychrophila 170,Bacteria,Gammaproteobacteria,Alteromonadales,Other Bacteria
1163748,Marinobacter hydrocarbonoclasticus ATCC 49840,Bacteria,Gammaproteobacteria,Alteromonadales,Other Bacteria
1172194,Hydrocarboniphaga effusa AP103,Bacteria,Gammaproteobacteria,Nevskiales,Other Bacteria
1196835,Pseudomonas stutzeri CCUG 29243,Bacteria,Gammaproteobacteria,Pseudomonadales,Other Bacteria
1198232,Cycloclasticus zancles 78-ME,Bacteria,Gammaproteobacteria,Thiotrichales,Other Bacteria
1208365,SAR86 cluster bacterium SAR86E,Bacteria,Gammaproteobacteria,SAR86 cluster,Other Bacteria
1245471,Pseudomonas resinovorans NBRC 106553,Bacteria,Gammaproteobacteria,Pseudomonadales,Other Bacteria
1255043,Thioalkalivibrio nitratireducens DSM 14787,Bacteria,Gammaproteobacteria,Chromatiales,Other Bacteria
1260251,Spiribacter salinus M19-40,Bacteria,Gammaproteobacteria,Chromatiales,Other Bacteria
1298593,Thalassolituus oleivorans MIL-1,Bacteria,Gammaproteobacteria,Oceanospirillales,Other Bacteria
1300253,Alteromonas mediterranea 615,Bacteria,Gammaproteobacteria,Alteromonadales,Other Bacteria
1300255,Alteromonas mediterranea U4,Bacteria,Gammaproteobacteria,Alteromonadales,Other Bacteria
1300256,Alteromonas mediterranea U7,Bacteria,Gammaproteobacteria,Alteromonadales,Other Bacteria
1201288,Bacteriovorax sp. Seq25_V,Bacteria,Oligoflexia,Bacteriovoracales,Other Bacteria
1353529,Bacteriovorax sp. BSW11_IV,Bacteria,Oligoflexia,Bacteriovoracales,Other Bacteria
1353530,Bacteriovorax sp. DB6_IX,Bacteria,Oligoflexia,Bacteriovoracales,Other Bacteria
699264,Candidatus Omnitrophus fodinae SCGC AAA011-A17,Bacteria,PVC group,Candidatus Omnitrophica,Other Bacteria
1047007,Omnitrophica bacterium SCGC AAA257-O07,Bacteria,PVC group,Candidatus Omnitrophica,Other Bacteria
1047010,Omnitrophica bacterium SCGC AAA011-L16,Bacteria,PVC group,Candidatus Omnitrophica,Other Bacteria
340101,Victivallis vadensis ATCC BAA-548,Bacteria,PVC group,Lentisphaerae,Other Bacteria
174633,Candidatus Kuenenia stuttgartiensis,Bacteria,PVC group,Planctomycetes,Other Bacteria
243090,Rhodopirellula baltica SH 1,Bacteria,PVC group,Planctomycetes,Other Bacteria
247490,Candidatus Jettenia caeni,Bacteria,PVC group,Planctomycetes,Other Bacteria
314230,Blastopirellula marina DSM 3645,Bacteria,PVC group,Planctomycetes,Other Bacteria
756272,Rubinisphaera brasiliensis DSM 5305,Bacteria,PVC group,Planctomycetes,Other Bacteria
1142394,Phycisphaera mikurensis NBRC 102666,Bacteria,PVC group,Planctomycetes,Other Bacteria
240016,Verrucomicrobium spinosum DSM 4136 = JCM 18804,Bacteria,PVC group,Verrucomicrobia,Other Bacteria
320771,Pedosphaera parvula Ellin514,Bacteria,PVC group,Verrucomicrobia,Other Bacteria
382464,Verrucomicrobiae bacterium DG1235,Bacteria,PVC group,Verrucomicrobia,Other Bacteria
452637,Opitutus terrae PB90-1,Bacteria,PVC group,Verrucomicrobia,Other Bacteria
497964,Chthoniobacter flavus Ellin428,Bacteria,PVC group,Verrucomicrobia,Other Bacteria
583355,Coraliomargarita akajimensis DSM 45221,Bacteria,PVC group,Verrucomicrobia,Other Bacteria
1009695,Verrucomicrobia bacterium SCGC AAA164-A21,Bacteria,PVC group,Verrucomicrobia,Other Bacteria
158189,Sphaerochaeta globosa str. Buddy,Bacteria,Spirochaetes,Spirochaetia,Other Bacteria
158190,Sphaerochaeta pleomorpha str. Grapes,Bacteria,Spirochaetes,Spirochaetia,Other Bacteria
267671,Leptospira interrogans serovar Copenhageni str. Fiocruz L1-130,Bacteria,Spirochaetes,Spirochaetia,Other Bacteria
545694,Treponema primitia ZAS-2,Bacteria,Spirochaetes,Spirochaetia,Other Bacteria
573413,Sediminispirochaeta smaragdinae DSM 11293,Bacteria,Spirochaetes,Spirochaetia,Other Bacteria
869212,Turneriella parva DSM 21527,Bacteria,Spirochaetes,Spirochaetia,Other Bacteria
906968,Treponema brennaborense DSM 12168,Bacteria,Spirochaetes,Spirochaetia,Other Bacteria
929563,Leptonema illini DSM 21528,Bacteria,Spirochaetes,Spirochaetia,Other Bacteria
942938,Alkalispirochaeta alkalica DSM 8900,Bacteria,Spirochaetes,Spirochaetia,Other Bacteria
996808,Leptospira licerasiae serovar Varillal str. MMD0835,Bacteria,Spirochaetes,Spirochaetia,Other Bacteria
352165,Pyramidobacter piscolens W5455,Bacteria,Synergistetes,Synergistia,Other Bacteria
584708,Aminomonas paucivorans DSM 12260,Bacteria,Synergistetes,Synergistia,Other Bacteria
592015,Acetomicrobium hydrogeniformans ATCC BAA-1850,Bacteria,Synergistetes,Synergistia,Other Bacteria
645512,Jonquetella anthropi E3_33 E1,Bacteria,Synergistetes,Synergistia,Other Bacteria
891968,Acetomicrobium mobile DSM 13181,Bacteria,Synergistetes,Synergistia,Other Bacteria
102897,Frankia sp. EUN1f,Bacteria,Actinobacteria,Actinobacteria,Other Bacteria
134676,Actinoplanes sp. SE50/110,Bacteria,Actinobacteria,Actinobacteria,Other Bacteria
196162,Nocardioides sp. JS614,Bacteria,Actinobacteria,Actinobacteria,Other Bacteria
234621,Rhodococcus erythropolis PR4,Bacteria,Actinobacteria,Actinobacteria,Other Bacteria
246196,Mycobacterium smegmatis str. MC2 155,Bacteria,Actinobacteria,Actinobacteria,Other Bacteria
247156,Nocardia farcinica IFM 10152,Bacteria,Actinobacteria,Actinobacteria,Other Bacteria
263358,Verrucosispora maris AB-18-032,Bacteria,Actinobacteria,Actinobacteria,Other Bacteria
266117,Rubrobacter xylanophilus DSM 9941,Bacteria,Actinobacteria,Rubrobacteria,Other Bacteria
266940,Kineococcus radiotolerans SRS30216 = ATCC BAA-149,Bacteria,Actinobacteria,Actinobacteria,Other Bacteria
269800,Thermobifida fusca YX,Bacteria,Actinobacteria,Actinobacteria,Other Bacteria
281090,Leifsonia xyli subsp. xyli str. CTCB07,Bacteria,Actinobacteria,Actinobacteria,Other Bacteria
290399,Arthrobacter sp. FB24,Bacteria,Actinobacteria,Actinobacteria,Other Bacteria
298653,Frankia sp. EAN1pec,Bacteria,Actinobacteria,Actinobacteria,Other Bacteria
298654,Frankia inefficax,Bacteria,Actinobacteria,Actinobacteria,Other Bacteria
298655,Frankia sp. CN3,Bacteria,Actinobacteria,Actinobacteria,Other Bacteria
312284,marine actinobacterium PHSC20C1,Bacteria,Actinobacteria,Actinobacteria,Other Bacteria
313589,Janibacter sp. HTCC2649,Bacteria,Actinobacteria,Actinobacteria,Other Bacteria
321955,Brevibacterium linens BL2,Bacteria,Actinobacteria,Actinobacteria,Other Bacteria
326424,Frankia alni ACN14a,Bacteria,Actinobacteria,Actinobacteria,Other Bacteria
337191,Gordonia sp. KTR9,Bacteria,Actinobacteria,Actinobacteria,Other Bacteria
350054,Mycobacterium gilvum PYR-GCK,Bacteria,Actinobacteria,Actinobacteria,Other Bacteria
350058,Mycobacterium vanbaalenii PYR-1,Bacteria,Actinobacteria,Actinobacteria,Other Bacteria
351607,Acidothermus cellulolyticus 11B,Bacteria,Actinobacteria,Actinobacteria,Other Bacteria
355249,Streptomyces sp. Tu6071,Bacteria,Actinobacteria,Actinobacteria,Other Bacteria
408672,Nocardioidaceae bacterium Broad-1,Bacteria,Actinobacteria,Actinobacteria,Other Bacteria
443218,Hoyosella subflava DQS3-9A1,Bacteria,Actinobacteria,Actinobacteria,Other Bacteria
446462,Actinosynnema mirum DSM 43827,Bacteria,Actinobacteria,Actinobacteria,Other Bacteria
446468,Nocardiopsis dassonvillei subsp. dassonvillei DSM 43111,Bacteria,Actinobacteria,Actinobacteria,Other Bacteria
452863,Pseudarthrobacter chlorophenolicus A6,Bacteria,Actinobacteria,Actinobacteria,Other Bacteria
469383,Conexibacter woesei DSM 14684,Bacteria,Actinobacteria,Thermoleophilia,Other Bacteria
471852,Thermomonospora curvata DSM 43183,Bacteria,Actinobacteria,Actinobacteria,Other Bacteria
477641,Modestobacter marinus,Bacteria,Actinobacteria,Actinobacteria,Other Bacteria
479431,Nakamurella multipartita DSM 44233,Bacteria,Actinobacteria,Actinobacteria,Other Bacteria
479432,Streptosporangium roseum DSM 43021,Bacteria,Actinobacteria,Actinobacteria,Other Bacteria
479433,Catenulispora acidiphila DSM 44928,Bacteria,Actinobacteria,Actinobacteria,Other Bacteria
479435,Kribbella flavida DSM 17836,Bacteria,Actinobacteria,Actinobacteria,Other Bacteria
512565,Actinoplanes missouriensis 431,Bacteria,Actinobacteria,Actinobacteria,Other Bacteria
525370,Rhodococcus hoagii ATCC 33707,Bacteria,Actinobacteria,Actinobacteria,Other Bacteria
525909,Acidimicrobium ferrooxidans DSM 10331,Bacteria,Actinobacteria,Acidimicrobiia,Other Bacteria
526225,Geodermatophilus obscurus DSM 43160,Bacteria,Actinobacteria,Actinobacteria,Other Bacteria
561180,Bifidobacterium gallicum DSM 20093 = LMG 11596,Bacteria,Actinobacteria,Actinobacteria,Other Bacteria
585531,Aeromicrobium marinum DSM 15272,Bacteria,Actinobacteria,Actinobacteria,Other Bacteria
590998,Cellulomonas fimi ATCC 484,Bacteria,Actinobacteria,Actinobacteria,Other Bacteria
591158,Streptomyces sp. AA4,Bacteria,Actinobacteria,Actinobacteria,Other Bacteria
643560,Rubrobacter radiotolerans DSM 5868,Bacteria,Actinobacteria,Rubrobacteria,Other Bacteria
645465,Streptomyces sp. e14,Bacteria,Actinobacteria,Actinobacteria,Other Bacteria
653045,Streptomyces violaceusniger Tu 4113,Bacteria,Actinobacteria,Actinobacteria,Other Bacteria
656024,Frankia symbiont of Datisca glomerata,Bacteria,Actinobacteria,Actinobacteria,Other Bacteria
675635,Pseudonocardia dioxanivorans CB1190,Bacteria,Actinobacteria,Actinobacteria,Other Bacteria
710421,Mycobacterium chubuense NBB4,Bacteria,Actinobacteria,Actinobacteria,Other Bacteria
710685,Mycobacterium rhodesiae NBB3,Bacteria,Actinobacteria,Actinobacteria,Other Bacteria
212767,Mycobacterium sp. JS623,Bacteria,Actinobacteria,Actinobacteria,Other Bacteria
743718,Isoptericola variabilis 225,Bacteria,Actinobacteria,Actinobacteria,Other Bacteria
754252,Propionibacterium freudenreichii subsp. shermanii CIRM-BIA1,Bacteria,Actinobacteria,Actinobacteria,Other Bacteria
882084,Saccharomonospora paurometabolica YIM 90007,Bacteria,Actinobacteria,Actinobacteria,Other Bacteria
910954,Dietzia cinnamea P4,Bacteria,Actinobacteria,Actinobacteria,Other Bacteria
913338,actinobacterium SCGC AAA027-L06,Bacteria,Actinobacteria,Actinobacteria,Other Bacteria
927661,Cryptosporangium arvum DSM 44712,Bacteria,Actinobacteria,Actinobacteria,Other Bacteria
979556,Microbacterium testaceum StLB037,Bacteria,Actinobacteria,Actinobacteria,Other Bacteria
987045,Jiangella gansuensis DSM 44835,Bacteria,Actinobacteria,Actinobacteria,Other Bacteria
1041522,Mycobacterium colombiense CECT 3035,Bacteria,Actinobacteria,Actinobacteria,Other Bacteria
1048339,Sporichthya polymorpha DSM 43042,Bacteria,Actinobacteria,Actinobacteria,Other Bacteria
1097667,Patulibacter medicamentivorans,Bacteria,Actinobacteria,Thermoleophilia,Other Bacteria
1112204,Gordonia polyisoprenivorans VH2,Bacteria,Actinobacteria,Actinobacteria,Other Bacteria
1146883,Blastococcus saxobsidens DD2,Bacteria,Actinobacteria,Actinobacteria,Other Bacteria
1156913,Amycolatopsis orientalis HCCB10007,Bacteria,Actinobacteria,Actinobacteria,Other Bacteria
1168287,Mycobacterium sp. MOTT36Y,Bacteria,Actinobacteria,Actinobacteria,Other Bacteria
1203460,Streptomyces hygroscopicus subsp. jinggangensis TL01,Bacteria,Actinobacteria,Actinobacteria,Other Bacteria
1205910,Nocardiopsis alba ATCC BAA-2165,Bacteria,Actinobacteria,Actinobacteria,Other Bacteria
1214242,Streptomyces collinus Tu 365,Bacteria,Actinobacteria,Actinobacteria,Other Bacteria
1265601,Streptomyces sp. PAMC 26508,Bacteria,Actinobacteria,Actinobacteria,Other Bacteria
1303692,Streptomyces fulvissimus DSM 40593,Bacteria,Actinobacteria,Actinobacteria,Other Bacteria
1313172,Ilumatobacter coccineus YM16-304,Bacteria,Actinobacteria,Acidimicrobiia,Other Bacteria
216389,Dehalococcoides mccartyi BAV1,Bacteria,Chloroflexi,Dehalococcoidia,Other Bacteria
243164,Dehalococcoides mccartyi 195,Bacteria,Chloroflexi,Dehalococcoidia,Other Bacteria
255470,Dehalococcoides mccartyi CBDB1,Bacteria,Chloroflexi,Dehalococcoidia,Other Bacteria
309801,Thermomicrobium roseum DSM 5159,Bacteria,Chloroflexi,Thermomicrobia,Other Bacteria
311424,Dehalococcoides mccartyi VS,Bacteria,Chloroflexi,Dehalococcoidia,Other Bacteria
316274,Herpetosiphon aurantiacus DSM 785,Bacteria,Chloroflexi,Chloroflexia,Other Bacteria
324602,Chloroflexus aurantiacus J-10-fl,Bacteria,Chloroflexi,Chloroflexia,Other Bacteria
326427,Chloroflexus aggregans DSM 9485,Bacteria,Chloroflexi,Chloroflexia,Other Bacteria
357808,Roseiflexus sp. RS-1,Bacteria,Chloroflexi,Chloroflexia,Other Bacteria
363277,Ktedonobacter racemifer,Bacteria,Chloroflexi,Ktedonobacteria,Other Bacteria
383372,Roseiflexus castenholzii DSM 13941,Bacteria,Chloroflexi,Chloroflexia,Other Bacteria
479434,Sphaerobacter thermophilus DSM 20745,Bacteria,Chloroflexi,Thermomicrobia,Other Bacteria
480224,Chloroflexus sp. Y-400-fl,Bacteria,Chloroflexi,Chloroflexia,Other Bacteria
552811,Dehalogenimonas lykanthroporepellens BL-DC-9,Bacteria,Chloroflexi,Dehalococcoidia,Other Bacteria
633145,Dehalococcoides mccartyi GT,Bacteria,Chloroflexi,Dehalococcoidia,Other Bacteria
765420,Oscillochloris trichoides DG-6,Bacteria,Chloroflexi,Chloroflexia,Other Bacteria
926550,Caldilinea aerophila DSM 14535 = NBRC 104270,Bacteria,Chloroflexi,Caldilineae,Other Bacteria
926569,Anaerolinea thermophila UNI-1,Bacteria,Chloroflexi,Anaerolineae,Other Bacteria
1129897,Nitrolancea hollandica Lb,Bacteria,Chloroflexi,Thermomicrobia,Other Bacteria
1193806,Dehalococcoides mccartyi BTF08,Bacteria,Chloroflexi,Dehalococcoidia,Other Bacteria
1193807,Dehalococcoides mccartyi DCMB5,Bacteria,Chloroflexi,Dehalococcoidia,Other Bacteria
13035,Dactylococcopsis salina PCC 8305,Bacteria,Cyanobacteria,other,Other Bacteria
28072,Nostoc sp. PCC 7524,Bacteria,Cyanobacteria,Nostoc,Other Bacteria
32051,Synechococcus sp. WH 7803,Bacteria,Cyanobacteria,Synechococcus,Synechococcus
43989,Cyanothece sp. ATCC 51142,Bacteria,Cyanobacteria,Cyanothece,Other Bacteria
59919,Prochlorococcus marinus subsp. pastoris str. CCMP1986,Bacteria,Cyanobacteria,Prochlorococcus,Prochlorococcus
59920,Prochlorococcus marinus str. NATL2A,Bacteria,Cyanobacteria,Prochlorococcus,Prochlorococcus
59922,Prochlorococcus marinus str. MIT 9303,Bacteria,Cyanobacteria,Prochlorococcus,Prochlorococcus
59931,Synechococcus sp. WH 7805,Bacteria,Cyanobacteria,Synechococcus,Synechococcus
64471,Synechococcus sp. CC9311,Bacteria,Cyanobacteria,Synechococcus,Synechococcus
65093,Halothece sp. PCC 7418,Bacteria,Cyanobacteria,Oscillatoriophycideae,Other Bacteria
65393,Cyanothece sp. PCC 7424,Bacteria,Cyanobacteria,Oscillatoriophycideae,Other Bacteria
74546,Prochlorococcus marinus str. MIT 9312,Bacteria,Cyanobacteria,Prochlorococcus,Prochlorococcus
74547,Prochlorococcus marinus str. MIT 9313,Bacteria,Cyanobacteria,Prochlorococcus,Prochlorococcus
84588,Synechococcus sp. WH 8102,Bacteria,Cyanobacteria,Synechococcus,Synechococcus
91464,Synechococcus sp. PCC 7335,Bacteria,Cyanobacteria,Synechococcus,Synechococcus
93058,Prochlorococcus marinus str. MIT 9202,Bacteria,Cyanobacteria,Prochlorococcus,Prochlorococcus
93059,Prochlorococcus marinus str. MIT 9211,Bacteria,Cyanobacteria,Prochlorococcus,Prochlorococcus
93060,Prochlorococcus marinus str. MIT 9215,Bacteria,Cyanobacteria,Prochlorococcus,Prochlorococcus
102125,Xenococcus sp. PCC 7305,Bacteria,Cyanobacteria,Xenococcus,Other Bacteria
102129,Leptolyngbya sp. PCC 7375,Bacteria,Cyanobacteria,Leptolyngbya,Other Bacteria
110662,Synechococcus sp. CC9605,Bacteria,Cyanobacteria,Synechococcus,Synechococcus
111781,Leptolyngbya sp. PCC 7376,Bacteria,Cyanobacteria,Leptolyngbya,Other Bacteria
118163,Pleurocapsa sp. PCC 7327,Bacteria,Cyanobacteria,Pleurocapsa,Other Bacteria
118168,Coleofasciculus chthonoplastes PCC 7420,Bacteria,Cyanobacteria,Oscillatoriales,Other Bacteria
146891,Prochlorococcus marinus str. AS9601,Bacteria,Cyanobacteria,Prochlorococcus,Prochlorococcus
166314,Synechococcus sp. WH 8109,Bacteria,Cyanobacteria,Synechococcus,Synechococcus
166318,Synechococcus sp. WH 8016,Bacteria,Cyanobacteria,Synechococcus,Synechococcus
167539,Prochlorococcus marinus subsp. marinus str. CCMP1375,Bacteria,Cyanobacteria,Prochlorococcus,Prochlorococcus
167542,Prochlorococcus marinus str. MIT 9515,Bacteria,Cyanobacteria,Prochlorococcus,Prochlorococcus
167546,Prochlorococcus marinus str. MIT 9301,Bacteria,Cyanobacteria,Prochlorococcus,Prochlorococcus
167555,Prochlorococcus marinus str. NATL1A,Bacteria,Cyanobacteria,Prochlorococcus,Prochlorococcus
179408,Oscillatoria nigro-viridis PCC 7112,Bacteria,Cyanobacteria,Oscillatoriales,Other Bacteria
180281,Cyanobium sp. PCC 7001,Bacteria,Cyanobacteria,Cyanobium,Other Bacteria
195250,Synechococcus sp. PCC 7336,Bacteria,Cyanobacteria,Synechococcus,Synechococcus
203124,Trichodesmium erythraeum IMS101,Bacteria,Cyanobacteria,Trichodesmium,Other Bacteria
221359,Synechococcus sp. RS9916,Bacteria,Cyanobacteria,Synechococcus,Synechococcus
221360,Synechococcus sp. RS9917,Bacteria,Cyanobacteria,Synechococcus,Synechococcus
232363,Synechococcus sp. CB0205,Bacteria,Cyanobacteria,Synechococcus,Synechococcus
240292,Trichormus variabilis ATCC 29413,Bacteria,Cyanobacteria,Nostocales,Other Bacteria
251221,Gloeobacter violaceus PCC 7421,Bacteria,Cyanobacteria,Gloeobacteria,Other Bacteria
251229,Chroococcidiopsis thermalis PCC 7203,Bacteria,Cyanobacteria,Chroococcidiopsis,Other Bacteria
292563,Cyanobacterium stanieri PCC 7202,Bacteria,Cyanobacteria,Chroococcales,Other Bacteria
292564,Cyanobium gracile PCC 6307,Bacteria,Cyanobacteria,Cyanobium,Other Bacteria
310037,Acaryochloris sp. CCMEE 5410,Bacteria,Cyanobacteria,Acaryochloris,Other Bacteria
313612,Lyngbya sp. PCC 8106,Bacteria,Cyanobacteria,Oscillatoriales,Other Bacteria
313625,Synechococcus sp. BL107,Bacteria,Cyanobacteria,Synechococcus,Synechococcus
316278,Synechococcus sp. RCC307,Bacteria,Cyanobacteria,Synechococcus,Synechococcus
316279,Synechococcus sp. CC9902,Bacteria,Cyanobacteria,Synechococcus,Synechococcus
317619,Prochlorothrix hollandica PCC 9006 = CALU 1027,Bacteria,Cyanobacteria,Prochlorothrix,Other Bacteria
329726,Acaryochloris marina MBIC11017,Bacteria,Cyanobacteria,Acaryochloris,Other Bacteria
402777,Kamptonema formosum PCC 6407,Bacteria,Cyanobacteria,Oscillatoriales,Other Bacteria
696747,Arthrospira platensis NIES-39,Bacteria,Cyanobacteria,Oscillatoriales,Other Bacteria
755178,Cyanobacterium aponinum PCC 10605,Bacteria,Cyanobacteria,Chroococcales,Other Bacteria
927677,Synechocystis sp. PCC 7509,Bacteria,Cyanobacteria,Synechocystis,Other Bacteria
1173020,Chamaesiphon minutus PCC 6605,Bacteria,Cyanobacteria,Chamaesiphon,Other Bacteria
1173024,Fischerella sp. PCC 9605,Bacteria,Cyanobacteria,Nostocales,Other Bacteria
1173263,Synechococcus sp. PCC 7502,Bacteria,Cyanobacteria,Synechococcus,Synechococcus
1173264,Leptolyngbya sp. PCC 6406,Bacteria,Cyanobacteria,Leptolyngbya,Other Bacteria
649638,Truepera radiovictrix DSM 17093,Bacteria,Deinococcus-Thermus,Truepera,Other Bacteria
670487,Oceanithermus profundus DSM 14977,Bacteria,Deinococcus-Thermus,Oceanithermus,Other Bacteria
762633,Thermus thermophilus SG0.5JP17-16,Bacteria,Deinococcus-Thermus,Thermus,Other Bacteria
798128,Thermus thermophilus JL-18,Bacteria,Deinococcus-Thermus,Thermus,Other Bacteria
869210,Marinithermus hydrothermalis DSM 14884,Bacteria,Deinococcus-Thermus,Marinithermus,Other Bacteria
937777,Deinococcus peraridilitoris DSM 19664,Bacteria,Deinococcus-Thermus,Deinococcus,Other Bacteria
1121377,Deinococcus apachensis DSM 19763,Bacteria,Deinococcus-Thermus,Deinococcus,Other Bacteria
66692,Bacillus clausii KSM-K16,Bacteria,Firmicutes,Bacilli,Other Bacteria
138119,Desulfitobacterium hafniense Y51,Bacteria,Firmicutes,Clostridia,Other Bacteria
220668,Lactobacillus plantarum WCFS1,Bacteria,Firmicutes,Bacilli,Other Bacteria
221109,Oceanobacillus iheyensis HTE831,Bacteria,Firmicutes,Bacilli,Other Bacteria
246194,Carboxydothermus hydrogenoformans Z-2901,Bacteria,Firmicutes,Clostridia,Other Bacteria
264732,Moorella thermoacetica ATCC 39073,Bacteria,Firmicutes,Clostridia,Other Bacteria
290402,Clostridium beijerinckii NCIMB 8052,Bacteria,Firmicutes,Clostridia,Other Bacteria
292459,Symbiobacterium thermophilum IAM 14863,Bacteria,Firmicutes,Clostridia,Other Bacteria
293826,Alkaliphilus metalliredigens QYMF,Bacteria,Firmicutes,Clostridia,Other Bacteria
313627,Bacillus sp. NRRL B-14911,Bacteria,Firmicutes,Bacilli,Other Bacteria
324057,Paenibacillus sp. JDR-2,Bacteria,Firmicutes,Bacilli,Other Bacteria
349161,Desulfotomaculum reducens MI-1,Bacteria,Firmicutes,Clostridia,Other Bacteria
349520,Paenibacillus polymyxa E681,Bacteria,Firmicutes,Bacilli,Other Bacteria
358681,Brevibacillus brevis NBRC 100599,Bacteria,Firmicutes,Bacilli,Other Bacteria
398511,Bacillus pseudofirmus OF4,Bacteria,Firmicutes,Bacilli,Other Bacteria
411467,Pseudoflavonifractor capillosus ATCC 29799,Bacteria,Firmicutes,Clostridia,Other Bacteria
411902,[Clostridium] bolteae ATCC BAA-613,Bacteria,Firmicutes,Clostridia,Other Bacteria
428126,[Clostridium] spiroforme DSM 1552,Bacteria,Firmicutes,Erysipelotrichia,Other Bacteria
429009,Ammonifex degensii KC4,Bacteria,Firmicutes,Clostridia,Other Bacteria
457396,Clostridium sp. 7_2_43FAA,Bacteria,Firmicutes,Clostridia,Other Bacteria
457412,Ruminococcus sp. 5_1_39BFAA,Bacteria,Firmicutes,Clostridia,Other Bacteria
457421,Clostridiales bacterium 1_7_47FAA,Bacteria,Firmicutes,Clostridia,Other Bacteria
457570,Natranaerobius thermophilus JW/NM-WN-LF,Bacteria,Firmicutes,Clostridia,Other Bacteria
458233,Macrococcus caseolyticus JCSC5402,Bacteria,Firmicutes,Bacilli,Other Bacteria
476272,Blautia hydrogenotrophica DSM 10507,Bacteria,Firmicutes,Clostridia,Other Bacteria
491915,Anoxybacillus flavithermus WK1,Bacteria,Firmicutes,Bacilli,Other Bacteria
495036,Geobacillus sp. G11MC16,Bacteria,Firmicutes,Bacilli,Other Bacteria
498761,Heliobacterium modesticaldum Ice1,Bacteria,Firmicutes,Clostridia,Other Bacteria
508767,Clostridium botulinum E3 str. Alaska E43,Bacteria,Firmicutes,Clostridia,Other Bacteria
518636,[Clostridium asparagiforme] DSM 15981,Bacteria,Firmicutes,Clostridia,Other Bacteria
521098,Alicyclobacillus acidocaldarius subsp. acidocaldarius DSM 446,Bacteria,Firmicutes,Bacilli,Other Bacteria
536227,Clostridium carboxidivorans P7,Bacteria,Firmicutes,Clostridia,Other Bacteria
555088,Dethiobacter alkaliphilus AHT 1,Bacteria,Firmicutes,Clostridia,Other Bacteria
562970,Kyrpidia tusciae DSM 2912,Bacteria,Firmicutes,Bacilli,Other Bacteria
572479,Halanaerobium praevalens DSM 2228,Bacteria,Firmicutes,Clostridia,Other Bacteria
581103,Geobacillus sp. Y4.1MC1,Bacteria,Firmicutes,Bacilli,Other Bacteria
589861,Thermoanaerobacter ethanolicus CCSD1,Bacteria,Firmicutes,Clostridia,Other Bacteria
610130,[Clostridium] saccharolyticum WM1,Bacteria,Firmicutes,Clostridia,Other Bacteria
632292,Caldicellulosiruptor hydrothermalis 108,Bacteria,Firmicutes,Clostridia,Other Bacteria
632348,Caldicellulosiruptor kronotskyensis 2002,Bacteria,Firmicutes,Clostridia,Other Bacteria
644966,Thermaerobacter marianensis DSM 12885,Bacteria,Firmicutes,Clostridia,Other Bacteria
645991,Syntrophobotulus glycolicus DSM 8271,Bacteria,Firmicutes,Clostridia,Other Bacteria
646529,Desulfosporosinus acidiphilus SJ4,Bacteria,Firmicutes,Clostridia,Other Bacteria
656519,Halanaerobium hydrogeniformans,Bacteria,Firmicutes,Clostridia,Other Bacteria
665937,Anaerostipes sp. 3_2_56FAA,Bacteria,Firmicutes,Clostridia,Other Bacteria
665940,Clostridium sp. 7_3_54FAA,Bacteria,Firmicutes,Clostridia,Other Bacteria
665952,Bacillus smithii 7_3_47FAA,Bacteria,Firmicutes,Bacilli,Other Bacteria
665959,Bacillus sp. 2_A_57_CT2,Bacteria,Firmicutes,Bacilli,Other Bacteria
691437,Geobacillus sp. C56-T3,Bacteria,Firmicutes,Bacilli,Other Bacteria
698762,Thermanaeromonas toyohensis ToBE,Bacteria,Firmicutes,Clostridia,Other Bacteria
717606,Paenibacillus curdlanolyticus YK9,Bacteria,Firmicutes,Bacilli,Other Bacteria
742733,[Clostridium] citroniae WAL-17108,Bacteria,Firmicutes,Clostridia,Other Bacteria
742735,[Clostridium] clostridioforme 2_1_49FAA,Bacteria,Firmicutes,Clostridia,Other Bacteria
742740,[Clostridium] symbiosum WAL-14163,Bacteria,Firmicutes,Clostridia,Other Bacteria
747365,Thermodesulfobium narugense DSM 14796,Bacteria,Firmicutes,Clostridia,Other Bacteria
748449,Halobacteroides halobius DSM 5150,Bacteria,Firmicutes,Clostridia,Other Bacteria
760568,Desulfotomaculum kuznetsovii DSM 6115,Bacteria,Firmicutes,Clostridia,Other Bacteria
768704,Desulfosporosinus meridiei DSM 13257,Bacteria,Firmicutes,Clostridia,Other Bacteria
797515,Lactobacillus parafarraginis F0439,Bacteria,Firmicutes,Bacilli,Other Bacteria
866778,Veillonella atypica ACS-134-V-Col7a,Bacteria,Firmicutes,Negativicutes,Other Bacteria
867903,Thermaerobacter subterraneus DSM 13965,Bacteria,Firmicutes,Clostridia,Other Bacteria
868595,Desulfotomaculum nigrificans CO-1-SRB,Bacteria,Firmicutes,Clostridia,Other Bacteria
888066,Enterococcus casseliflavus ATCC 12755,Bacteria,Firmicutes,Bacilli,Other Bacteria
927704,Selenomonas ruminantium subsp. lactilytica TAM6421,Bacteria,Firmicutes,Negativicutes,Other Bacteria
936140,Lactobacillus farciminis KCTC 3681 = DSM 20184,Bacteria,Firmicutes,Bacilli,Other Bacteria
981383,Ornithinibacillus scapharcae TW25,Bacteria,Firmicutes,Bacilli,Other Bacteria
986075,Caldalkalibacillus thermarum TA2.A1,Bacteria,Firmicutes,Bacilli,Other Bacteria
997761,Paenibacillus mucilaginosus K02,Bacteria,Firmicutes,Bacilli,Other Bacteria
1000569,Megasphaera sp. UPII 135-E,Bacteria,Firmicutes,Negativicutes,Other Bacteria
1002809,Solibacillus silvestris StLB046,Bacteria,Firmicutes,Bacilli,Other Bacteria
1036673,Paenibacillus mucilaginosus KNP414,Bacteria,Firmicutes,Bacilli,Other Bacteria
1041809,Candidatus Arthromitus sp. SFB-mouse-Yit,Bacteria,Firmicutes,Clostridia,Other Bacteria
1089553,Thermacetogenium phaeum DSM 12270,Bacteria,Firmicutes,Clostridia,Other Bacteria
1116391,Paenibacillus mucilaginosus 3016,Bacteria,Firmicutes,Bacilli,Other Bacteria
1131462,Dehalobacter sp. CF,Bacteria,Firmicutes,Clostridia,Other Bacteria
1149860,Pelosinus fermentans A11,Bacteria,Firmicutes,Negativicutes,Other Bacteria
1155766,Enterococcus faecium Aus0004,Bacteria,Firmicutes,Bacilli,Other Bacteria
1204343,Bacillus subtilis BEST7613,Bacteria,Firmicutes,Bacilli,Other Bacteria
1209989,Tepidanaerobacter acetatoxydans Re1,Bacteria,Firmicutes,Clostridia,Other Bacteria
1284663,Lactobacillus plantarum ZJ316,Bacteria,Firmicutes,Bacilli,Other Bacteria
525904,Thermobaculum terrenum ATCC BAA-798,Bacteria,other,other,Other Bacteria
667014,Thermodesulfatator indicus DSM 15286,Bacteria,Thermodesulfobacteria,,Other Bacteria
795359,Thermodesulfobacterium geofontis OPF15,Bacteria,Thermodesulfobacteria,,Other Bacteria
126740,Thermotoga sp. RQ2,Bacteria,Thermotogae,,Other Bacteria
309803,Thermotoga neapolitana DSM 4359,Bacteria,Thermotogae,,Other Bacteria
390874,Thermotoga petrophila RKU-1,Bacteria,Thermotogae,,Other Bacteria
403833,Petrotoga mobilis SJ95,Bacteria,Thermotogae,,Other Bacteria
688269,Pseudothermotoga thermarum DSM 5069,Bacteria,Thermotogae,,Other Bacteria
671143,Candidatus Methylomirabilis oxyfera,Bacteria,other,,Other Bacteria
699262,Microgenomates bacterium SCGC AAA011-L6,Bacteria,other,,Other Bacteria
700750,Candidatus Poribacteria bacterium WGA-A3,Bacteria,other,,Other Bacteria
857041,Candidatus Poribacteria bacterium WGA-4E,Bacteria,other,,Other Bacteria
857042,Candidatus Poribacteria bacterium WGA-4G,Bacteria,other,,Other Bacteria
910028,BRC1 bacterium SCGC AAA252-M09,Bacteria,other,,Other Bacteria
913320,Candidatus Aerophobus profundus SCGC AAA252-L23,Bacteria,other,,Other Bacteria
1027271,Candidatus Poribacteria bacterium WGA-4C,Bacteria,other,,Other Bacteria
1046935,BRC1 bacterium SCGC AAA257-C11,Bacteria,other,,Other Bacteria
1047013,Aminicenantes bacterium SCGC AAA252-A02,Bacteria,other,,Other Bacteria
1047014,Aminicenantes bacterium SCGC AAA252-B17,Bacteria,other,,Other Bacteria
1047015,Aminicenantes bacterium SCGC AAA252-C08,Bacteria,other,,Other Bacteria
1047017,Aminicenantes bacterium SCGC AAA252-D18,Bacteria,other,,Other Bacteria
1047018,Aminicenantes bacterium SCGC AAA252-F08,Bacteria,other,,Other Bacteria
1047051,Atribacteria bacterium SCGC AAA255-G05,Bacteria,other,,Other Bacteria
1047053,Atribacteria bacterium JGI 0000059-I14,Bacteria,other,,Other Bacteria
1052810,Calescamantes bacterium SCGC AAA471-M6,Bacteria,other,,Other Bacteria
1104574,Aerophobetes bacterium JGI 0000014-A15,Bacteria,other,,Other Bacteria
1104598,Atribacteria bacterium SCGC AB-164-D21,Bacteria,other,,Other Bacteria
1104601,Atribacteria bacterium SCGC AB-164-A22,Bacteria,other,,Other Bacteria
1104604,Atribacteria bacterium JGI 0000079-F20,Bacteria,other,,Other Bacteria
1130335,Calescamantes bacterium JGI 0000106-N5,Bacteria,other,,Other Bacteria
1130336,Calescamantes bacterium JGI 0000106-N7,Bacteria,other,,Other Bacteria
1104566,Candidatus Poribacteria bacterium WGA-3G,Bacteria,other,,Other Bacteria
1033810,Haloplasma contractile SSD-17B,Bacteria,other,,Other Bacteria
10726,Escherichia virus T5,Viruses,dsDNA viruses,Caudovirales,Viruses
268746,Prochlorococcus phage P-SSM2,Viruses,dsDNA viruses,Caudovirales,Viruses
268747,Prochlorococcus phage P-SSM4,Viruses,dsDNA viruses,Caudovirales,Viruses
268748,Prochlorococcus phage P-SSP7,Viruses,dsDNA viruses,Caudovirales,Viruses
555387,Synechococcus phage S-RSM4,Viruses,dsDNA viruses,Caudovirales,Viruses
1283076,Pelagibacter phage HTVC008M,Viruses,dsDNA viruses,Caudovirales,Viruses
1283078,Pelagibacter phage HTVC011P,Viruses,dsDNA viruses,Caudovirales,Viruses
46021,Paramecium bursaria Chlorella virus NY2A,Viruses,dsDNA viruses,Phycodnaviridae,Viruses
251749,Phaeocystis globosa virus,Viruses,dsDNA viruses,Phycodnaviridae,Viruses
399781,Paramecium bursaria Chlorella virus FR483,Viruses,dsDNA viruses,Phycodnaviridae,Viruses
880159,Bathycoccus sp. RCC1105 virus BpV1,Viruses,dsDNA viruses,Phycodnaviridae,Viruses
311226,Idnoreovirus 1,Viruses,dsRNA viruses,Spinareovirinae,Viruses
5825,Plasmodium chabaudi,Eukaryotes,Alveolata,Apicomplexa,Eukaryotes
353152,Cryptosporidium parvum Iowa II,Eukaryotes,Alveolata,Apicomplexa,Eukaryotes
484906,Babesia bovis T2Bo,Eukaryotes,Alveolata,Apicomplexa,Eukaryotes
5911,Tetrahymena thermophila,Eukaryotes,Alveolata,Ciliophora,Eukaryotes
187299,uncultured ciliate,Eukaryotes,Alveolata,Ciliophora,Eukaryotes
197538,Strombidium inclinatum,Eukaryotes,Alveolata,Ciliophora,Eukaryotes
342563,Fabrea salina,Eukaryotes,Alveolata,Ciliophora,Eukaryotes
626734,Schmidingerella taraikaensis,Eukaryotes,Alveolata,Ciliophora,Eukaryotes
1082188,Strombidium rassoulzadegani,Eukaryotes,Alveolata,Ciliophora,Eukaryotes
2916,Neoceratium fusus,Eukaryotes,Alveolata,Dinophyceae,Eukaryotes
2925,Alexandrium catenella,Eukaryotes,Alveolata,Dinophyceae,Eukaryotes
2926,Alexandrium tamarense,Eukaryotes,Alveolata,Dinophyceae,Eukaryotes
2961,Amphidinium carterae,Eukaryotes,Alveolata,Dinophyceae,Eukaryotes
2966,Noctiluca scintillans,Eukaryotes,Alveolata,Dinophyceae,Eukaryotes
2969,Oxyrrhis marina,Eukaryotes,Alveolata,Dinophyceae,Eukaryotes
39449,Prorocentrum minimum,Eukaryotes,Alveolata,Dinophyceae,Eukaryotes
73915,Pyrodinium bahamense,Eukaryotes,Alveolata,Dinophyceae,Eukaryotes
109239,Alexandrium margalefii,Eukaryotes,Alveolata,Dinophyceae,Eukaryotes
160604,Amphidinium massartii,Eukaryotes,Alveolata,Dinophyceae,Eukaryotes
174948,Symbiodinium sp. CCMP421,Eukaryotes,Alveolata,Dinophyceae,Eukaryotes
192219,Heterocapsa arctica,Eukaryotes,Alveolata,Dinophyceae,Eukaryotes
293213,Symbiodinium sp. C1,Eukaryotes,Alveolata,Dinophyceae,Eukaryotes
230996,Symbiodinium sp. Mp,Eukaryotes,Alveolata,Dinophyceae,Eukaryotes
462645,Symbiodinium sp. type D1a,Eukaryotes,Alveolata,Dinophyceae,Eukaryotes
632150,Azadinium spinosum,Eukaryotes,Alveolata,Dinophyceae,Eukaryotes
1257118,Acanthamoeba castellanii str. Neff,Eukaryotes,Amoebozoa,Discosea,Eukaryotes
5786,Dictyostelium purpureum,Eukaryotes,Amoebozoa,Mycetozoa,Eukaryotes
261658,Dictyostelium fasciculatum,Eukaryotes,Amoebozoa,Mycetozoa,Eukaryotes
136452,Filamoeba nolandi,Eukaryotes,Amoebozoa,Tubulinea,Eukaryotes
195067,Goniomonas pacifica,Eukaryotes,Cryptophyta,Cryptomonadales,Eukaryotes
234597,Goniomonas sp. ATCC 50108,Eukaryotes,Cryptophyta,Cryptomonadales,Eukaryotes
464990,Hemiselmis tepida,Eukaryotes,Cryptophyta,Cryptomonadales,Eukaryotes
354590,Rhodomonas lens,Eukaryotes,Cryptophyta,Pyrenomonadales,Eukaryotes
1141622,uncultured picoeukaryote,Eukaryotes,environmental samples,,Eukaryotes
929439,Leishmania mexicana MHOM/GT/2001/U1103,Eukaryotes,Euglenozoa,Kinetoplastida,Eukaryotes
38269,Gloeochaete wittrockiana,Eukaryotes,Glaucocystophyceae,Gloeochaetales,Eukaryotes
13221,Pleurochrysis carterae,Eukaryotes,Haptophyceae,Coccolithales,Eukaryotes
221442,Coccolithus braarudii,Eukaryotes,Haptophyceae,Coccolithales,Eukaryotes
2903,Emiliania huxleyi,Eukaryotes,Haptophyceae,Isochrysidales,Eukaryotes
33657,Phaeocystis antarctica,Eukaryotes,Haptophyceae,Phaeocystales,Eukaryotes
72548,Prymnesium polylepis,Eukaryotes,Haptophyceae,Prymnesiales,Eukaryotes
97485,Prymnesium parvum,Eukaryotes,Haptophyceae,Prymnesiales,Eukaryotes
156173,Haptolina brevifila,Eukaryotes,Haptophyceae,Prymnesiales,Eukaryotes
156174,Haptolina ericina,Eukaryotes,Haptophyceae,Prymnesiales,Eukaryotes
412157,Chrysochromulina rotalis,Eukaryotes,Haptophyceae,Prymnesiales,Eukaryotes
744533,Naegleria gruberi strain NEG-M,Eukaryotes,Heterolobosea,Schizopyrenida,Eukaryotes
44066,Geotrichum fermentans,Eukaryotes,Opisthokonta,Fungi,Eukaryotes
294747,Candida tropicalis MYA-3404,Eukaryotes,Opisthokonta,Fungi,Eukaryotes
311193,Dichomera saubinetii,Eukaryotes,Opisthokonta,Fungi,Eukaryotes
441959,Talaromyces stipitatus ATCC 10500,Eukaryotes,Opisthokonta,Fungi,Eukaryotes
578455,Thielavia terrestris NRRL 8126,Eukaryotes,Opisthokonta,Fungi,Eukaryotes
644352,Gaeumannomyces tritici R3-111a-1,Eukaryotes,Opisthokonta,Fungi,Eukaryotes
6945,Ixodes scapularis,Eukaryotes,Opisthokonta,Metazoa,Eukaryotes
7070,Tribolium castaneum,Eukaryotes,Opisthokonta,Metazoa,Eukaryotes
7739,Branchiostoma floridae,Eukaryotes,Opisthokonta,Metazoa,Eukaryotes
9031,Gallus gallus,Eukaryotes,Opisthokonta,Metazoa,Eukaryotes
225164,Lottia gigantea,Eukaryotes,Opisthokonta,Metazoa,Eukaryotes
283587,Hemiastrella sp. WAMZ12383,Eukaryotes,Opisthokonta,Metazoa,Eukaryotes
283597,Dysidea etheria,Eukaryotes,Opisthokonta,Metazoa,Eukaryotes
311186,Capreolus capreolus bedfordi,Eukaryotes,Opisthokonta,Metazoa,Eukaryotes
311201,Saxidomus purpuratus,Eukaryotes,Opisthokonta,Metazoa,Eukaryotes
311220,Microtus fortis calamorum,Eukaryotes,Opisthokonta,Metazoa,Eukaryotes
400682,Amphimedon queenslandica,Eukaryotes,Opisthokonta,Metazoa,Eukaryotes
933848,Elphidium margaritaceum,Eukaryotes,Rhizaria,Foraminifera,Eukaryotes
753684,Madagascaria erythrocladioides,Eukaryotes,Rhodophyta,Compsopogonophyceae,Eukaryotes
2839,Odontella sinensis,Eukaryotes,Stramenopiles,Bacillariophyta,Eukaryotes
44445,Pseudo-nitzschia australis,Eukaryotes,Stramenopiles,Bacillariophyta,Eukaryotes
210618,Striatella unipunctata,Eukaryotes,Stramenopiles,Bacillariophyta,Eukaryotes
230516,Chaetoceros curvisetus,Eukaryotes,Stramenopiles,Bacillariophyta,Eukaryotes
265563,Odontella aurita,Eukaryotes,Stramenopiles,Bacillariophyta,Eukaryotes
385413,Thalassiosira minuscula,Eukaryotes,Stramenopiles,Bacillariophyta,Eukaryotes
420261,Thalassiosira aff. antarctica,Eukaryotes,Stramenopiles,Bacillariophyta,Eukaryotes
420275,Attheya septentrionalis,Eukaryotes,Stramenopiles,Bacillariophyta,Eukaryotes
1049557,Thalassiothrix antarctica,Eukaryotes,Stramenopiles,Bacillariophyta,Eukaryotes
420557,Ochromonas sp. CCMP1899,Eukaryotes,Stramenopiles,Chrysophyceae,Eukaryotes
35684,Pseudopedinella elastica,Eukaryotes,Stramenopiles,Dictyochophyceae,Eukaryotes
215587,Aplanochytrium stocchinoi,Eukaryotes,Stramenopiles,Labyrinthulomycetes,Eukaryotes
65071,Pythium ultimum,Eukaryotes,Stramenopiles,Oomycetes,Eukaryotes
164328,Phytophthora ramorum,Eukaryotes,Stramenopiles,Oomycetes,Eukaryotes
311224,Peronospora sp. UASWS0036,Eukaryotes,Stramenopiles,Oomycetes,Eukaryotes
890382,Albugo laibachii Nc14,Eukaryotes,Stramenopiles,Oomycetes,Eukaryotes
35677,Pelagomonas calceolata,Eukaryotes,Stramenopiles,Pelagophyceae,Eukaryotes
35679,Pelagococcus subviridis,Eukaryotes,Stramenopiles,Pelagophyceae,Eukaryotes
44056,Aureococcus anophagefferens,Eukaryotes,Stramenopiles,Pelagophyceae,Eukaryotes
114041,unclassified Pelagophyceae,Eukaryotes,Stramenopiles,Pelagophyceae,Eukaryotes
1411690,Chrysoreinhardia sp. CCMP2950,Eukaryotes,Stramenopiles,Pelagophyceae,Eukaryotes
124430,Phaeomonas parva,Eukaryotes,Stramenopiles,Pinguiophyceae,Eukaryotes
2880,Ectocarpus siliculosus,Eukaryotes,Stramenopiles,PX clade,Eukaryotes
652834,Palpitomonas bilix,Eukaryotes,unclassified eukaryotes,Palpitomonas,Eukaryotes
70448,Ostreococcus tauri,Eukaryotes,Viridiplantae,Chlorophyta,Eukaryotes
195969,Dolichomastix tenuilepis,Eukaryotes,Viridiplantae,Chlorophyta,Eukaryotes
296587,Micromonas commoda,Eukaryotes,Viridiplantae,Chlorophyta,Eukaryotes
464258,prasinophyte sp. RCC856 (clade VIIA5),Eukaryotes,Viridiplantae,Chlorophyta,Eukaryotes
464278,Picochlorum sp. RCC944,Eukaryotes,Viridiplantae,Chlorophyta,Eukaryotes
564608,Micromonas pusilla CCMP1545,Eukaryotes,Viridiplantae,Chlorophyta,Eukaryotes
676789,Prasinoderma singulare,Eukaryotes,Viridiplantae,Chlorophyta,Eukaryotes
1034604,Chlamydomonas leiostraca,Eukaryotes,Viridiplantae,Chlorophyta,Eukaryotes
1461546,Prasinophyceae sp. CCMP2175,Eukaryotes,Viridiplantae,Chlorophyta,Eukaryotes
39946,Oryza sativa Indica Group,Eukaryotes,Viridiplantae,Streptophyta,Eukaryotes
88036,Selaginella moellendorffii,Eukaryotes,Viridiplantae,Streptophyta,Eukaryotes
289791,Protorhus sericea,Eukaryotes,Viridiplantae,Streptophyta,Eukaryotes
289811,Hypelate trifoliata,Eukaryotes,Viridiplantae,Streptophyta,Eukaryotes
289815,Serjania polyphylla,Eukaryotes,Viridiplantae,Streptophyta,Eukaryotes
289844,Ephedra sinica var. pumila,Eukaryotes,Viridiplantae,Streptophyta,Eukaryotes
289846,Poa ramosissima,Eukaryotes,Viridiplantae,Streptophyta,Eukaryotes
289848,Poa kirkii,Eukaryotes,Viridiplantae,Streptophyta,Eukaryotes
289857,Poa acicularifolia,Eukaryotes,Viridiplantae,Streptophyta,Eukaryotes
289858,Poa acicularifolia subsp. acicularifolia,Eukaryotes,Viridiplantae,Streptophyta,Eukaryotes
289863,Asplenium cuneifolium subsp. cuneifolium,Eukaryotes,Viridiplantae,Streptophyta,Eukaryotes
311212,Vigna umbellata var. umbellata,Eukaryotes,Viridiplantae,Streptophyta,Eukaryotes
311251,Askidiosperma capitatum,Eukaryotes,Viridiplantae,Streptophyta,Eukaryotes
311159,Influenza A virus (A/chicken/Korea/S12/03(H9N2)),Viruses,ssRNA negative-strand viruses,Orthomyxoviridae,Viruses
311247,Influenza A virus (A/Mongolia/153/88(H1N1)),Viruses,ssRNA negative-strand viruses,Orthomyxoviridae,Viruses
12144,Cymbidium ringspot virus,Viruses,ssRNA positive-strand viruses, no DNA stage,Viruses
417290,Saccharopolyspora erythraea prophage pSE211,Viruses,other,,Viruses
